0.0131,0.0201,0.0045,0.0217,0.023,0.0481,0.0742,0.0333,0.1369,0.2079,0.2295,0.199,0.1184,0.1891,0.2949,0.5343,0.685,0.7923,0.822,0.729,0.7352,0.7918,0.8057,0.4898,0.1934,0.2924,0.6255,0.8546,0.8966,0.7821,0.5168,0.484,0.4038,0.3411,0.2849,0.2353,0.2699,0.4442,0.4323,0.3314,0.1195,0.1669,0.3702,0.3072,0.0945,0.1545,0.1394,0.0772,0.0615,0.023,0.0111,0.0168,0.0086,0.0045,0.0062,0.0065,0.003,0.0066,0.0029,0.0053,M
0.015353635313754102,0.01862261356753799,0.03678689690801169,0.04371336862648692,0.05669573600173074,0.09488402815197348,0.09257495824470356,0.15934339966687328,0.24073776973447705,0.2832032953050305,0.3453491155169346,0.38249986785400014,0.40599754051525566,0.3170914494088248,0.20414625627184024,0.31357543542027977,0.37934083057899326,0.44519757106034497,0.5798738076410879,0.7233471868147531,0.7874502676597176,0.754958618460698,0.7469918559460416,0.7580323852869015,0.8009721171268808,0.834306153625327,0.7571768146493484,0.6789427915241228,0.6210860457898408,0.5836494302666715,0.6347416484562707,0.7679635026776259,0.7601647537719717,0.5809502746999785,0.3491921268344431,0.38456159545969293,0.25987295270377153,0.2889696520841419,0.4667953432401065,0.4767546682391803,0.4071837357042805,0.4088890670945011,0.33385817381030436,0.29289296377019786,0.28390546681234596,0.13969874583208838,0.1294951811511485,0.15675781060900587,0.09212490288030392,0.023758645869045785,0.02679046064395676,0.013898241378655054,0.0033792219499782722,0.006025544540900537,0.010616766224898074,0.00481422421404842,0.0029941729748261944,0.004773297599992728,0.005042303018347744,0.003592967243107914,M
0.031264438413743975,0.05933835332520724,0.039502395340081625,0.06428777911455918,0.09172266166859798,0.15306983198923194,0.1368599893613496,0.1664671683289582,0.165543229547659,0.16204961065401152,0.24069501842255286,0.3029498693582738,0.31306545283608894,0.2582334013645119,0.20928800331787548,0.2108615235090244,0.24504574796262252,0.2793562895942263,0.31861265756649954,0.449177441008457,0.46207958014674083,0.440741499867271,0.5556345000272054,0.6317877945187375,0.6898074353433569,0.7173998109321433,0.8720360840971328,0.9529977808471902,0.8219913255392852,0.6618966196307255,0.5731175243873635,0.41470827732611987,0.3144621569104833,0.3735966696431355,0.32843653162873515,0.2910717253758161,0.27022085077974417,0.22181686967462455,0.2734202679335435,0.3043776919922756,0.30763169113849975,0.3660458647371567,0.2591340268936309,0.13256272478732478,0.2580007931545801,0.20920676175112524,0.17175987454528535,0.10183214209829901,0.06824227155690399,0.024366728959734393,0.022650464666355015,0.01682179190823344,0.011441281383260529,0.006343032349563565,0.009820692225298784,0.009057207444670465,0.004907211993055692,0.007382341192549945,0.0057501406493855696,0.004989431057670761,M
0.0025,0.0309,0.0171,0.0228,0.0434,0.1224,0.1947,0.1661,0.1368,0.143,0.0994,0.225,0.2444,0.3239,0.3039,0.241,0.0367,0.1672,0.3038,0.4069,0.3613,0.1994,0.4611,0.6849,0.7272,0.7152,0.7102,0.8516,1.0,0.769,0.4841,0.3717,0.6096,0.511,0.2586,0.0916,0.0947,0.2287,0.348,0.2095,0.1901,0.2941,0.2211,0.1524,0.0746,0.0606,0.0692,0.0446,0.0344,0.0082,0.0108,0.0149,0.0077,0.0036,0.0114,0.0085,0.0101,0.0016,0.0028,0.0014,R
0.0065,0.0122,0.0068,0.0108,0.0217,0.0284,0.0527,0.0575,0.1054,0.1109,0.0937,0.0827,0.092,0.0911,0.1487,0.1666,0.1268,0.1374,0.1095,0.1286,0.2146,0.2889,0.4238,0.6168,0.8167,0.9622,0.828,0.5816,0.4667,0.3539,0.2727,0.141,0.1863,0.2176,0.236,0.1725,0.0589,0.0621,0.1847,0.2452,0.2984,0.3041,0.2275,0.148,0.1102,0.1178,0.0608,0.0333,0.0276,0.01,0.0023,0.0069,0.0025,,0.0052,0.0036,0.0026,0.0036,0.0006,0.0035,R
0.05614738896077644,0.05108510842586586,0.03228353170044472,0.11328454509459238,0.11010689354958698,0.045740319593610614,0.09523120799555006,0.21458001583270114,0.42623665208709516,0.5116590884243042,0.39209069449867145,0.27271232018012603,0.21492290600390762,0.34224483604706013,0.31246376354666333,0.3451151555986311,0.2770521433465716,0.32882329319169085,0.4059981854782101,0.6110187274630481,0.6337293115781432,0.30998049880332607,0.22481970628061967,0.24359289900335962,0.40898515351638887,0.5350108349713665,0.485208442825382,0.6699878753914896,0.7511173599520109,0.8597628999606585,0.6332651917428354,0.589133394513902,0.6507797714106801,0.7490050724187933,0.7423493829993318,0.7026546065069633,0.6951212713534947,0.7286361121630369,0.692610581081363,0.6111046373452177,0.5085002130872978,0.4670654147315847,0.46545484373337404,0.45428405293574436,0.4812865983267573,0.3918067608040226,0.16685581473350825,0.17750628050540532,0.08948148207648483,0.04465869779128063,0.021713539773486702,0.023281452284377377,0.02601873458821046,0.022185340394061896,0.014684189902968518,0.018949299957040953,0.011750954777893296,0.005291054357194736,0.003331885459156253,0.00786857894909062,M
0.032613726250524014,0.04430307497047158,0.03192686864644582,0.040491491573179834,0.09534168994714538,0.12307145938112612,0.10342601231930469,0.05486516329555517,0.034219200082713716,0.06831049563382288,0.09795165798329161,0.2329803528627714,0.1871751210398982,0.19987761653919162,0.17704972407758635,0.24856814749366732,0.24641466484272218,0.2422307426345946,0.29964116456108825,0.20790554591408736,0.2769407170421063,0.15757536130830443,0.35795361734241105,0.37088058055531226,0.14229922692820274,0.2666173928259392,0.4610948267853124,0.5993568106995886,0.5469898585089701,0.5176712879345756,0.5878217707964082,0.519234167346099,0.6404315045686129,0.7650980840268957,0.794876132996062,0.8762153555895233,0.7980094188686033,0.720244535064725,0.5778407476401496,0.5941001327800167,0.602903371663966,0.5397565450523066,0.3552073369012689,0.21057156430072824,0.1458456088793837,0.0937661283979425,0.08051968120385512,0.07613562546851961,0.05544008930334712,0.018235111937309995,0.012424335705747224,0.014108763947905141,0.015250221989158435,0.015088821554575041,0.008735397719662572,0.006094490534637308,0.011673981667562327,0.006090322557633708,0.008527876814107925,0.0069946656733124515,R
0.029002625182525024,0.038197136784895586,0.04725501735140126,0.07796358629975202,0.1017873450635072,0.11714008811707383,0.12517583856860823,0.19914246366875935,0.27963024023825905,0.36535319969998903,,0.3340696022449991,0.3028157885670317,0.22676941881030377,0.21009629218830148,0.21121560605593231,0.2050505546366051,0.25809409458398924,0.2638971343325101,0.2408177246619969,0.3567977053688575,0.6317269001054476,0.7775304713601341,0.811984253825422,0.8280403325037111,0.8145912028816861,0.8674027590701833,0.9455078059266667,0.8249175494434726,0.6456750628416511,0.6843982475647771,0.6316737528209182,0.5026813728614825,0.2772458146041187,0.14822166330382575,0.0989468416686627,0.18471053977304708,0.17443753397290052,0.19790371939436824,0.15880729792447715,0.21149005383112637,0.1345987716613832,0.1188715981034264,0.12380768478461361,0.07842218964361615,0.06044809138206398,0.06546829129016322,0.10085116388821577,0.07001887898387883,0.02264316528962671,0.014334106119637478,0.010418595998571915,0.004345168411963238,0.005782136905972776,0.0040543249161362,0.008962655459282586,0.006366662899407568,0.0057101092882167,0.006414811015939076,0.010041633048213752,M
0.0091,0.0213,0.0206,0.0505,0.0657,0.0795,0.097,0.0872,0.0743,0.0837,0.1579,0.0898,0.0309,0.1856,0.2969,0.2032,0.1264,0.1655,0.1661,0.2091,0.231,0.446,0.6634,0.6933,0.7663,0.8206,0.7049,0.756,0.7466,0.6387,0.4846,0.3328,0.5356,0.8741,0.8573,0.6718,0.3446,0.315,0.2702,0.2598,0.2742,0.3594,0.4382,0.246,0.0758,0.0187,0.0797,0.0748,0.0367,0.0155,0.03,0.0112,0.0112,0.0102,0.0026,0.0097,0.0098,0.0043,0.0071,0.0108,R
0.0201,0.0116,0.0123,0.0245,0.0547,0.0208,0.0891,0.0836,0.1335,0.1199,0.1742,0.1387,0.2042,0.258,0.2616,0.2097,0.2532,0.3213,0.4327,0.476,0.5328,0.6057,0.6696,0.7476,0.893,0.9405,1.0,0.9785,0.8473,0.7639,0.6701,0.4989,0.3718,0.2196,0.1416,0.268,0.263,0.3104,0.3392,0.2123,0.117,0.2655,0.2203,0.1541,0.1464,0.1044,0.1225,0.0745,0.049,0.0224,0.0032,0.0076,0.0045,0.0056,0.0075,0.0037,0.0045,0.0029,0.0008,0.0018,R
0.02664213699023805,0.020322378409642905,0.014189558619550756,0.021400252181774798,0.03727919400850134,0.06823443979206192,0.08074580117322104,0.10077787505167046,0.07993576071333984,0.1285492236077197,0.12584612649869295,0.1598706098079479,0.15474106938042126,0.1240714780672647,0.19385175958601386,0.43362459584262125,0.5302360393990546,0.41457672624687825,0.2411841646203413,0.2617366989519196,0.37600103100937843,0.4071062723114475,0.4609885763830729,0.5005359439589008,0.5787304606826217,0.747208154516326,0.8583066155094794,0.8961723985040956,0.7765470547190684,0.7683655488688369,0.8296133856596698,0.6985041045949002,0.6649572421259369,0.6948838122381159,0.7335253406489272,0.6998048219208647,0.6081323846447394,0.5384879142564661,0.3809555600217559,0.31107744915070945,0.31314809039114894,0.3047138693058014,0.2649741859425058,0.18451942967480678,0.14182437608485757,0.1082036725474556,0.08042901996353494,0.06401802580260926,0.03858446246392803,0.018076275525492947,0.006383774254793091,0.006917139530272634,0.006682564749733311,0.006185515556407661,0.006773717633701798,0.005762903455187367,0.010545356064729653,0.01166548044518895,0.007462632103778516,0.009022965818853233,R
0.029779783806974207,0.02384932223696867,0.03558408935787559,0.05117242614596054,0.0562934474788338,0.11757786813047814,0.16647289154929415,0.16366212293112203,0.197181090417237,0.2672203744475232,0.3299335615539929,0.35887603511563443,0.331963647351816,0.2247795187917518,0.16330592092602622,0.23961190677483735,0.2980274821426479,0.4290550567439028,0.5771128227800628,0.6990287625077767,0.7965281813892405,0.7680566805689722,0.8314121016502454,0.8997941963645285,0.8475256680959627,0.8185942489470445,0.7909528968535624,0.8809405835206163,0.81051157658186,0.6371863118490566,0.48446797970826677,0.37417477906613617,0.34573999536170835,0.2918232717144388,0.222863302286804,0.09357019823589272,0.08420630227661363,0.15160100678900415,0.20816161939332273,0.260007671930376,0.23302594592460918,0.19679169867526483,0.20752547122082815,0.2152246246276409,0.19954043868362695,0.21631498973735291,0.17520777370020918,0.11291218862232759,0.06550009494796723,0.021248989108439486,0.010631549004289394,0.011171742196605862,0.003534594702139423,0.00511862380251467,0.00663536946116349,0.003931969098568736,0.005247578668774652,0.004167035457190913,0.0021258578561829103,0.0030214445378271694,M
,0.012303880186102113,0.013297656640081491,0.03586382488749567,0.038075624183217305,0.03258859711276135,0.07876112850187782,0.09773585514560298,0.09104654169892158,0.12163900296735279,0.13973844872398178,0.12985362850641632,0.15914131262718673,0.18771181353767452,0.14201134814668273,0.14431687605676546,0.20819065170793238,0.3315791078490586,0.49677615972290934,0.5291436353208205,0.46787796293020345,0.4870824856650934,0.5878121158788953,0.6512284155002692,0.6013309926952837,0.5360536079705858,0.4126747725353415,0.5047969102075784,0.7984693688742649,0.7551641207013082,0.7181129763661063,0.6414089940036727,0.578121345633083,0.5198237068260694,0.4573460821973422,0.42895608713662353,0.4273158998449608,0.1901002510347251,0.08098351388884033,0.13633007933591312,0.15299146914224976,0.14584084926055166,0.22228141793299266,0.28880507280958867,0.2781077572420856,0.1877131679877024,0.11105571145561265,0.037039283179814746,0.014706482354900298,0.020983150576102384,0.013987134663191712,0.007486946855748152,0.008765510837779369,0.011028281361349299,0.0038570245181723905,0.0020530243845986763,0.005948674822587614,0.004788460045277185,0.006448479052671312,0.0018099444316481336,R
0.024,0.0218,0.0324,0.0569,0.033,0.0513,0.0897,0.0713,0.0569,0.0389,0.1934,0.2434,0.2906,0.2606,0.3811,0.4997,0.3015,0.3655,0.6791,0.7307,0.5053,0.4441,0.6987,0.8133,0.7781,0.8943,0.8929,0.8913,0.861,0.8063,0.554,0.2446,0.3459,0.1615,0.2467,0.5564,0.4681,0.0979,0.1582,0.0751,0.3321,0.3745,0.2666,0.1078,0.1418,0.1687,0.0738,0.0634,0.0144,0.0226,0.0061,0.0162,0.0146,0.0093,0.0112,0.0094,0.0054,0.0019,0.0066,0.0023,R
0.02283079284650519,0.04621548270839797,0.06659304436658198,0.041387578054099775,0.07438837162460576,0.04969155775088685,0.06649914570145832,0.0428192301963766,0.1164790014118737,0.23024595370997106,0.1950042384137773,0.217791841541956,0.2924064787936888,0.24874665488370562,0.1912928619121714,0.2894503113614207,0.33600469342374983,0.3148283301703522,0.6171656443048981,0.7096108968327834,0.6327016943789865,0.47637053942651847,0.5112041438701347,0.5168044826522364,0.6762757906991953,0.8765816540934163,0.8929961862245742,0.5320175241376653,0.32346815502503845,0.19854212125154283,0.14830021428854973,0.28885258972299305,0.34268772312290663,0.33656700334059136,0.31719740846580957,0.32578015973927166,0.456220896622316,0.40463876598440573,0.5200431487613157,0.43646873951000686,0.2577074189350777,0.2637543123929068,0.22136150523847611,0.2072447576999708,0.1447995487954395,0.1158014164919757,0.07617202921397088,0.030099433117022338,0.04058129140977937,0.01696435301144087,0.006991732282730527,0.008281859234550989,0.007364713162708879,0.01386431221305939,0.01707904515564317,0.006561442088165282,0.010602050668981873,0.015696394415159985,0.011902096096691094,0.006028071267947514,R
0.08209870922085526,0.08043165798662565,0.06784666549074383,0.04320517159288681,0.045849569753377416,0.1264364517420142,0.21563143898070303,0.24293618813957935,0.3688974645776968,0.432535011112574,0.29964788663261843,0.09375914917539567,0.13130474269836653,0.24567921068603024,0.43156797496418253,0.45771531978801405,0.4293562447710012,0.41216789439296964,0.545067454440783,0.8443503627493988,0.9700150266396644,0.6334208569547597,0.3128424714435891,0.3527021917107976,0.24996285824738484,0.36774337465495816,0.32918552338274976,0.45004477468217596,0.5700560436995668,0.6324732506279468,0.29433864849246766,0.31686159838083716,0.45878727961141996,0.5116535524154019,0.6367220104592713,0.6167807564271744,0.560016680247751,0.640501993484547,0.6247324187033418,0.46656361506872446,0.2704390949474589,0.13286496466682418,0.10873537697074064,0.23968382893449863,0.4170970539406206,0.3437286619196922,0.19572266064955746,0.1442630025394996,0.0838371811475287,0.037072421897814956,0.016798157482448346,0.00836719397177309,0.005225102743117621,0.006385108014245165,0.011763406411347379,0.008399858755935243,0.013454467776067085,0.011690839179592858,0.00517771986090856,0.007476019655774648,M
0.021,0.0121,0.0203,0.1036,0.1675,0.0418,0.0723,0.0828,0.0494,0.0686,0.1125,0.1741,0.271,0.3087,0.3575,0.4998,0.6011,0.647,0.8067,0.9008,0.8906,0.9338,1.0,0.9102,0.8496,0.7867,0.7688,0.7718,0.6268,0.4301,0.2077,0.1198,0.166,0.2618,0.3862,0.3958,0.3248,0.2302,0.325,0.4022,0.4344,0.4008,0.337,0.2518,0.2101,0.1181,0.115,0.055,0.0293,0.0183,0.0104,0.0117,0.0101,0.0061,0.0031,0.0099,0.008,0.0107,0.0161,0.0133,M
0.09515772337007501,0.10806173934965262,0.07418175399702648,0.09845570683331345,0.10359253981764052,0.15883622577366824,0.1775177287113583,0.35069833045922955,0.5474674619696127,0.49688700056897805,0.42624106340067025,0.23523849489927753,0.12140098846197521,0.24484752981019467,0.3689062897610988,0.3904129719830479,0.14935430815772172,0.12055887152762851,0.3002459919137632,0.7132966738122022,0.7895116339592592,0.5098700523312812,0.2825625921904395,0.32763556553930356,0.4323772392453521,0.6646442924325846,0.513929331901086,0.7099238489054793,0.621532629815245,0.8141564207033093,0.6181900454256218,0.5941460059444793,0.5128435227509728,0.5209087917513335,0.6629417543202882,0.670227774528519,0.6602754967129112,0.7268780903631131,0.6291322495149927,0.37702093035513534,0.32276790843704484,0.34580762008263694,0.3610353684566569,0.3712468308256399,0.4473970803359145,0.34426410449963557,0.09790371816132025,0.0856971728112312,0.03463970951398317,0.017434826561931648,0.0144837300053943,0.038143657132738526,0.016817034377347877,0.007565230055254116,0.011001499235348185,0.0148241050966922,0.011277320474595481,0.01892594095299593,0.015468736062663099,0.014933487705869145,M
0.010958764299516904,,0.03846308876118859,0.034470638390023706,0.022838609345196003,0.09075139626484802,0.14399079129186462,0.10680873067874223,0.15390737665808754,0.17258612004534774,0.26479312071899613,0.295652194983359,0.24908869065357547,0.209440303629476,0.18811740019546536,0.1999163075198732,0.20889542788775015,0.24665349361742556,0.3340481604524535,0.3661909791710971,0.402789903589585,0.3733600683068385,0.4377090209080866,0.5759362621637973,0.6373868187285099,0.7407670969546492,0.873270114142974,0.9467417841308383,0.8857076414455158,0.7432123799906373,0.5441974432784582,0.508338797621887,0.47260475804466356,0.3806709560397494,0.20844596818624167,0.10161073450030265,0.2014762243715984,0.21328964499147968,0.1642749866689838,0.29264998619740606,0.35531307382187627,0.3685127188914379,0.3429423557337451,0.18154882902312408,0.16680557815899846,0.11099566364776203,0.1179868852403069,0.12645443939958423,0.07416623916657251,0.01765267744422109,0.021113031601082823,0.014383927008964752,0.011310644571857145,0.013001604567836778,0.007160848796706146,0.00852697030779877,0.004780747748188582,0.0076164969448184955,0.006702378837757072,0.004450933333748378,M
0.0208,0.0186,0.0131,0.0211,0.061,0.0613,0.0612,0.0506,0.0989,0.1093,0.1063,0.1179,0.1291,0.1591,0.168,0.1918,0.1615,0.1647,0.1397,0.1426,0.2429,0.2816,0.429,0.6443,0.9061,1.0,0.8087,0.6119,0.526,0.3677,0.2746,0.102,0.1339,0.1582,0.1952,0.1787,0.0429,0.1096,0.1762,0.2481,0.315,0.292,0.1902,0.0696,0.0758,0.091,0.0441,0.0244,0.0265,0.0095,0.014,0.0074,0.0063,0.0081,0.0087,0.0044,0.0028,0.0019,0.0049,0.0023,R
0.0378,0.0318,0.0423,0.035,0.1787,0.1635,0.0887,0.0817,0.1779,0.2053,0.3135,0.3118,0.3686,0.3885,0.585,0.7868,0.9739,1.0,0.9843,0.861,0.8443,0.9061,0.5847,0.4033,0.5946,0.6793,0.6389,0.5002,0.5578,0.4831,0.4729,0.3318,0.3969,0.3894,0.2314,0.1036,0.1312,0.0864,0.2569,0.3179,0.2649,0.2714,0.1713,0.0584,0.123,0.22,0.2198,0.1074,0.0423,0.0162,0.0093,0.0046,0.0044,0.0078,0.0102,0.0065,0.0061,0.0062,0.0043,0.0053,R
0.015711918644300493,0.03616687968280602,0.0367288940979964,0.015797758465385555,0.07420267721408966,0.11945584672417958,0.1436063209707109,0.1739172308130558,0.23237186606495086,0.29155649434812037,0.32433930465423094,0.35726900913531956,0.2875836517253667,0.19004309531592437,0.13971519809762295,0.19450125743578156,0.2505059136021217,0.41461468816877084,0.6076535440874452,0.6967042712518113,0.7890143183383166,0.7965106366641889,0.852330161502056,0.9697253568780676,0.9651951011454247,0.9560437715394321,0.9633762335862895,0.9462278989578979,0.8418714673451184,0.6205475574837291,0.3955330559202812,0.29321159578700917,0.22507513858556635,0.21579989083185772,0.19046980554512616,0.10766470436000602,0.04830007798729566,0.07278456669021174,0.13361897459536456,0.13395884270513825,0.07256168452267732,0.10936086209032572,0.1747198177519563,0.19306354264387143,0.20571578356454404,0.22617492199550054,0.19088823699064283,0.1230873769444368,0.059344641453290714,0.018211552550443603,0.015107936697176678,0.013536145819982482,0.0074139432027184315,0.004361224755740856,0.003642355130271184,0.005853207664821558,0.0036910542922618224,0.0010694599426814449,0.0019135896087560432,0.007873593174816009,M
0.019392049874108787,0.017000047929911673,0.017212974911924497,0.03089538871467079,0.0374186446897342,0.09454514473311139,0.12097358006965554,0.09198573408777418,0.07726935520342432,0.1458464994754634,0.18603948318626073,0.24024868851720027,0.2382471309503916,0.18868660401293794,0.22858169840676298,0.5363232852342718,0.6987362614972928,0.6441024522915351,0.4500081038927045,0.3793129645647329,0.4425001923754111,0.509470854422285,0.5725208045254542,0.6696500698283072,0.8338364941183712,0.9485734772169802,0.9676009175635063,0.9243015423310689,0.8279331247095084,0.8143119372900599,0.7961819331248853,0.7065128795577228,0.7058477102348718,0.7201087040641054,0.775057022286491,0.7694501507179642,0.7271747866628686,0.6578731138954113,0.44676447794457713,0.29665245272337126,0.24137393568625815,0.1913768941018337,0.1729201123766703,0.1315033808091548,0.14566972075312384,0.16155985841599516,0.09017256702282206,0.056738338164337834,0.026516615531116353,0.01899638370641403,0.015770025874266926,0.013731502983650735,0.004675387607685371,0.0033911201401370513,0.00758007241736998,0.006191270758875009,0.00984153518188903,0.012521038944758442,0.006574967156013377,0.009684301935702955,R
0.01515905307345175,0.01639174456820212,0.025850457136225073,0.044154595643325835,0.048674789879054804,0.07636917733734458,0.12228730157801732,0.14432251101934646,0.19667037107673227,0.27907953060540297,0.3680726962298505,0.3049657487441312,0.28967726746198336,0.1937002368958606,0.0977878128586541,0.0908943662361737,0.21582436470510888,0.3678501948783361,0.526676458698337,0.6088605777180364,0.7183950010775244,0.8055621306208467,0.8181187899596254,0.822961330749025,0.8648010505747863,0.8861998533562703,0.9201735247400756,0.858946038617838,0.6778572123250548,0.44613816531612416,0.20655694631281638,0.35184668735671465,0.5352356030970826,0.6278166487109609,0.7245477871712552,0.8416347105270255,0.754640993323904,0.5513084214271813,0.4089064321515978,0.29797741879907524,0.26356742079433393,0.2779842794720339,0.3497533739840796,0.3774963556126436,0.31911893076434317,0.20482696220900973,0.09984844110079347,0.05287428594903058,0.030486889585914678,0.013829937624991783,0.005675506394755481,0.010399288430890429,0.005182170593200716,0.009427154120198185,0.004785769887511501,0.00474558517705925,0.005370450460714601,0.006813197979980003,0.007090693320352652,0.0055490446686325984,M
0.01324231906962336,0.018178168957494495,0.010811449583777685,0.0300092675492341,0.03359382683884655,0.060725226184783404,0.07713532332062606,0.03975803164415742,0.0819928125804716,0.1653251060366878,0.23677005612613894,0.21700699048549485,0.19138389507241488,0.1706174568082108,0.18221529833820485,0.3256853131573667,0.4572188037790856,0.5550462335759218,0.6307200051925411,0.6180634190995115,0.6923464906471538,0.7830451291527347,0.8031534805144427,0.6354494344517357,0.5319248400832998,0.6217412166268848,0.7889175409878767,0.8521612281313367,0.8017630420202335,0.6262202380019813,0.31852885897234884,0.3885010126168479,0.4391387797085591,0.47892532604083243,0.5559288740595616,0.6245616175857177,0.5846806269416415,0.5457593199383355,0.43289711955491333,0.30225324663495,0.19460041473802359,0.2558512241640723,0.3977474350935923,0.38191875767819766,0.24823966213900325,0.20733593553253044,0.1257276700401916,0.055244510389799745,0.045403681068550646,0.016036725407365122,0.007537883667066432,0.012969435846552285,0.006615913881641559,0.004405581724436987,0.003923819568909172,0.0036434137653463083,0.003707666581360718,0.0043989996605004085,0.0027934011554935603,0.00468223068425048,M
0.0126,0.0519,0.0621,0.0518,0.1072,0.2587,0.2304,0.2067,0.3416,0.4284,0.3015,0.1207,0.3299,0.5707,0.6962,0.9751,1.0,0.9293,0.621,0.4586,0.5001,0.5032,0.7082,0.842,0.8109,0.769,0.8105,0.6203,0.2356,0.2595,0.6299,0.6762,0.2903,0.4393,0.8529,0.718,0.4801,0.5856,0.4993,0.2866,0.0601,0.1167,0.2737,0.2812,0.2078,0.066,0.0491,0.0345,0.0172,0.0287,0.0027,0.0208,0.0048,0.0199,0.0126,0.0022,0.0037,0.0034,0.0114,0.0077,R
0.0164,0.0173,0.0347,0.007,0.0187,0.0671,0.1056,0.0697,0.0962,0.0251,0.0801,0.1056,0.1266,0.089,0.0198,0.1133,0.2826,0.3234,0.3238,0.4333,0.6068,0.7652,0.9203,0.9719,0.9207,0.7545,0.8289,0.8907,0.7309,0.6896,0.5829,0.4935,0.3101,0.0306,0.0244,0.1108,0.1594,0.1371,0.0696,0.0452,0.062,0.1421,0.1597,0.1384,0.0372,0.0688,0.0867,0.0513,0.0092,0.0198,0.0118,0.009,0.0223,0.0179,0.0084,0.0068,0.0032,0.0035,0.0056,0.004,R
0.0307,0.0523,0.0653,0.0521,0.0611,0.0577,0.0665,0.0664,0.146,0.2792,0.3877,0.4992,0.4981,0.4972,0.5607,0.7339,0.823,0.9173,0.9975,0.9911,0.824,0.6498,0.598,0.4862,0.315,0.1543,0.0989,0.0284,0.1008,0.2636,0.2694,0.293,0.2925,0.3998,0.366,0.3172,0.4609,0.4374,0.182,0.3376,0.6202,0.4448,0.1863,0.142,0.0589,0.0576,0.0672,0.0269,0.0245,0.019,0.0063,0.0321,0.0189,0.0137,0.0277,0.0152,0.0052,0.0121,0.0124,0.0055,M
0.02595670644742399,0.030193996361255408,0.027622875598287733,0.05004192665799543,0.07668415930611822,0.08264939764935218,0.09606070943505897,0.03464106540110042,0.07385235262105441,0.1302936743697847,0.10478785908311572,0.15934963576378092,0.14667034571717505,0.18087355833097007,0.15572983590316553,0.17566729910258216,0.18256764281530025,0.2813870800589582,0.34133980412332104,0.4026442374904187,0.4964584370377861,0.5360963837084983,0.5004090700948712,0.48447689426835844,0.5293894590254139,0.6387458830661099,0.7745057977407598,0.8392232159798939,0.6749241150880607,0.47516403401778573,0.36205113982146725,0.21846854703715007,0.2899032024302792,0.4698509475726224,0.6515057164252595,0.7510750813530143,0.7653416946520748,0.6995507072842584,0.6295130842961026,0.498991213078705,0.38307744544498973,0.28004959380951433,0.3084350403137054,0.35999130179203537,0.34188446538319467,0.3140042398503325,0.2426388323216913,0.17654910197292184,0.08647009363187695,0.02644716301487987,0.02049283040070704,0.008069340199599016,0.007041559068804892,0.007352365433121979,0.0047437494933941565,0.00784054221081324,0.011074380278897442,0.007174834586075838,0.014357214265700255,0.017311739715240297,M
0.0239,0.0189,0.0466,0.044,0.0657,0.0742,0.138,0.1099,0.1384,0.1376,0.0938,0.0259,0.1499,0.2851,0.5743,0.8278,0.8669,0.8131,0.9045,0.9046,1.0,0.9976,0.9872,0.9761,0.9009,0.9724,0.9675,0.7633,0.4434,0.3822,0.4727,0.4007,0.3381,0.3172,0.2222,0.0733,0.2692,0.1888,0.0712,0.1062,0.0694,0.03,0.0893,0.1459,0.1348,0.0391,0.0546,0.0469,0.0201,0.0095,0.0155,0.0091,0.0151,0.008,0.0018,0.0078,0.0045,0.0026,0.0036,0.0024,R
0.0269,0.0383,0.0505,,0.1313,0.2103,0.2263,0.2524,0.3595,0.5915,0.6675,0.5679,0.5175,0.3334,0.2002,0.2856,0.2937,0.3424,0.5949,0.7526,0.8959,0.8147,0.7109,0.7378,0.7201,0.8254,0.8917,0.982,0.8179,0.4848,0.3203,0.2775,0.2382,0.2911,0.1675,0.3156,0.1869,0.3391,0.5993,0.4124,0.1181,0.3651,0.4655,0.4777,0.3517,0.092,0.1227,0.1785,0.1085,0.03,0.0346,0.0167,0.0199,0.0145,0.0081,0.0045,0.0043,0.0027,0.0055,0.0057,M
0.0336,0.0294,0.0476,0.0539,0.0794,0.0804,0.1136,0.1228,0.1235,0.0842,0.0357,0.0689,0.1705,0.3257,0.4602,0.6225,0.7327,0.7843,0.7988,0.8261,1.0,0.9814,0.962,0.9601,0.9118,0.9086,0.7931,0.5877,0.3474,0.4235,0.4633,0.341,0.2849,0.2847,0.1742,0.0549,0.1192,0.1154,0.0855,0.1811,0.1264,0.0799,0.0378,0.1268,0.1125,0.0505,0.0949,0.0677,0.0259,0.017,0.0033,0.015,0.0111,0.0032,0.0035,0.0169,0.0137,0.0015,0.0069,0.0051,R
0.0152,0.0102,0.0113,0.0263,0.0097,0.0391,0.0857,0.0915,0.0949,0.1504,0.1911,0.2115,0.2249,0.2573,0.1701,0.2023,0.2538,0.3417,0.4026,0.4553,0.5525,0.5991,0.5854,0.7114,0.95,0.9858,1.0,0.9578,0.8642,0.7128,0.5893,0.4323,0.2897,0.1744,0.077,0.2297,0.2459,0.3101,0.3312,0.222,0.0871,0.2064,0.1808,0.1624,0.112,0.0815,0.1117,0.095,0.0412,0.012,0.0048,0.0049,0.0041,0.0036,0.0013,0.0046,0.0037,0.0011,0.0034,0.0033,R
0.024294370724534605,0.037342194544636054,0.03550043866199184,0.038451767889870335,0.1212379926306528,0.1474506301609269,0.1580889481504667,0.1319648839045157,0.1650670064715683,0.1350891325510894,0.20874648992890088,0.2786231110185944,0.3557461985576889,0.4402104753464256,0.490806641766248,0.494763253312941,0.6500514000973668,0.7702079809146513,0.852057768521169,0.905094817566511,0.9671059484504059,0.9740875443872357,0.8880519176783621,0.8561810564347495,0.8528255869748648,0.7791940978358156,0.6735477627282438,0.5853118975062992,0.5206929473252001,0.3738187673023787,0.2474502953564594,0.17394345453983773,0.16948717604051414,0.1615563146868395,0.16093451996515137,0.266407901706311,0.2818521340682876,0.36262109626020517,0.4304522182576382,0.3083974459253392,0.2297910007082854,0.21898381680117468,0.14677058959881764,0.18462692130611671,0.14922025350256654,0.10182212578222692,0.09810199457398737,0.07184271028399701,0.05947187446530687,0.023720875038681474,0.015973448974681528,0.011277060420849146,0.007989880744325885,0.023624775279911362,0.017899438375192925,0.006327119867902661,0.009114113435866027,0.007304309388764532,0.009608473161543814,0.007576055304803211,M
0.024228466406703893,0.043926152035221974,0.043724068717862,0.03568406171139424,0.04616664743779492,0.04539195433118982,0.051206734102040234,0.044012705870283914,0.1069230072750828,0.20239990366710897,0.2749356001974677,0.34136014648655383,0.3420364950705447,0.3368748861146656,0.3490457629570547,0.47812930901594053,0.5412101883535488,0.6538105899829373,0.7369419450572222,0.8014290642230814,0.7232580192017519,0.6342630208856501,0.5911631469319311,0.47907999493066233,0.4146080125788128,0.39356652292885974,0.43210232096182905,0.4212504073673374,0.3949774037863312,0.3787787036105951,0.2937887081497044,0.20832135277621747,0.24121936362304466,0.41009745593562885,0.4845922142105818,0.4839529598819148,0.5960142444911951,0.5595993545203346,0.3841147854538337,0.39247890419065096,0.4633980623115488,0.33404420251967254,0.22227614130771636,0.24791194017362664,0.19928489390928186,0.1744797279308799,0.15166685465688284,0.09021164017062797,0.051828149853600285,0.022607300878733406,0.010779372955531647,0.022328035957169104,0.01298419850122707,0.009306419736180214,0.01809231034632229,0.011428865400985295,0.006016124306547303,0.008541175494871565,0.00933202846170018,0.004675487461360018,M
0.033904569038542685,0.039204223158565504,0.0285113279455674,0.04078569821298599,0.05717749366693863,0.09117615045406477,0.09332894910418832,0.10131170315825247,0.06181110890891461,0.09006772749295282,0.13573614415015584,0.06514926546640235,0.1478703452765467,0.1574706810996311,0.1491885593005766,0.15734446892395354,0.1635514119136964,0.10944741447012903,0.06906401269063236,0.15201695121050118,0.27060977506482886,0.5096966346376589,0.6447855294735204,0.6906430923187244,0.7718048000865749,0.8467612385433877,0.8049757828827229,0.789763391118245,0.8463013516076978,0.7658434939498121,0.7006477703602386,0.6682196087058005,0.6601325361446739,0.6927007571887677,0.7373983186147552,0.6797241352456964,0.5101147142397973,0.36158763273002925,0.29995969899763403,0.29128873296264773,0.22053322953786839,0.1998190502906206,0.2828309932208485,0.2238420970350274,0.14174345002451358,0.12072658225572543,0.08419680063930052,0.06633035279144217,0.02093045702761791,0.005946136496284216,0.005657086499192042,0.007099737276031422,0.010449844515359033,0.005416980246794063,0.010364323275781436,0.00775230064307305,0.010594206162686113,0.01180997648312004,0.00664945996663546,0.004532133492728055,R
0.0139,0.0222,0.0089,0.0108,0.0215,0.0136,0.0659,0.0954,0.0786,0.1015,0.1261,0.0828,0.0493,0.0848,0.1514,0.1396,0.1066,,0.2991,0.3247,0.3797,0.5658,0.7483,0.8757,0.9048,0.7511,0.6858,0.7043,0.5864,0.3773,0.2206,0.2628,0.2672,0.2907,0.1982,0.2288,0.3186,0.2871,0.2921,0.2806,0.2682,0.2112,0.1513,0.1789,0.185,0.1717,0.0898,0.0656,0.0445,0.011,0.0024,0.0062,0.0072,0.0113,0.0012,0.0022,0.0025,0.0059,0.0039,0.0048,R
0.012089642618298188,0.04504502374155595,0.03348174209334055,0.0298625083821196,0.05504492526081586,0.09540851373023357,0.21590831932792426,0.21785928818392603,0.017157827019504038,0.1609221887828011,0.13481645159551278,0.18813329616359353,0.2823986681495978,0.14317801492142135,0.21821941425533764,0.26558289703351157,0.34936812833299125,0.34322908683603504,0.23380079150010347,0.08848217932554296,0.17913432301166837,0.19985570403378322,0.26837220871177087,0.2867109359405895,0.36747876693039094,0.3924928271575571,0.2669203480671861,0.5844616325806428,0.7440151341251787,0.6940677326030027,0.5686505698417958,0.6368403973270488,0.7167118188439773,0.6501771563685923,0.6365989331327182,0.8062087382419568,0.8756415499245357,0.8861599353736503,0.8926880263351393,0.82686924878988,0.7759522510507071,0.6705771694346556,0.5062208854449795,0.27160027049730284,0.39939851346951155,0.4767788092943649,0.36644972495116906,0.237622105142678,0.16026785380301478,0.06967837590217539,0.032650624473685504,0.015531943657756337,0.012556452393361792,0.01233323011303666,0.018316460689994235,0.011455268047026665,0.004292462309893081,0.013773442428754997,0.009734711311811214,0.012308987062923984,R
0.0442,0.0477,0.0049,0.0581,0.0278,0.0678,0.1664,0.149,0.0974,0.1268,0.1109,0.2375,0.2007,0.214,0.1109,0.2036,0.2468,0.6682,0.8345,0.8252,0.8017,0.8982,0.9664,0.8515,0.6626,0.3241,0.2054,0.5669,0.5726,0.4877,0.7532,0.76,0.5185,0.412,0.556,0.5569,0.1336,0.3831,0.4611,0.433,0.2556,0.1466,0.3489,0.2659,0.0944,0.137,0.1344,0.0416,0.0719,0.0637,0.021,0.0204,0.0216,0.0135,0.0055,0.0073,0.008,0.0105,0.0059,0.0105,R
0.028503349259931275,0.04128380406218209,0.041786248928109865,0.035099889389885376,0.0744488083320699,0.1008853551566001,0.09382848741338497,0.056363717004129475,0.04698759829119984,0.10778406718541332,0.11684234182198247,0.23451847025441402,0.2023986698078262,0.15217041958140243,0.09818255225873916,0.191872530565005,0.21704027232761924,0.21234727850627536,0.3196018738083351,0.28778557827992013,0.344512792312439,0.17133161693379215,0.3184369690672444,0.29602723517543184,0.24039734684778186,0.4318386173454854,0.6227634593822441,0.6355141819618846,0.56608326623387,0.5024135198179019,0.5105507482786531,0.4746825490897199,0.5784315148563004,0.6792517612449229,0.7315273662578547,0.7694620717715149,0.6929394295235514,0.5901342922553765,0.6074167093399361,0.6127541695039839,0.5034125481043898,0.4312470789833185,0.3283251152751023,0.2273538596716224,0.14141449383931268,0.08009350518548347,0.0741299432229881,0.05986075274246659,0.05227923894275389,0.017221135497151777,0.006427220518512012,0.008810515259396806,0.01244347905736146,0.016456100868204836,0.011819655583949368,0.006428407742737829,0.012740102830577336,0.01117018013534936,0.010266196168922381,0.006493657170782985,R
0.014504537945518646,0.0127782853288196,0.026416546701785153,0.034350228469403846,0.08321001217201515,0.12210944373442281,0.11650577124995337,0.09475484576628358,0.10370985839173269,0.14609188172309046,0.16043040593950347,0.18904251379532822,0.28382354527660836,0.24946325372056735,0.2668418465257329,0.394234024181267,0.3049300790085805,0.16813368162171302,0.2004132432464921,0.27043599906251486,0.28561032135664655,0.31605007194799606,0.4728987448482909,0.4978871356158786,0.7047565284137866,0.9327270320377565,0.8450408693158401,0.7311440629998595,0.5245737158461563,0.46278715601513976,0.4587306065434378,0.3905691889939578,0.2893024993840692,0.2994389479167999,0.5558676766217753,0.5365631785308643,0.2634727480719241,0.05161283607309872,0.22656734048955066,0.3961737228626363,0.2940996499271473,0.2143788543356359,0.18907506305439237,0.21238383768220684,0.1476763426797232,0.119036812973356,0.041288359339937235,0.04976340554650132,0.024077458812394266,0.009352790567734654,0.01423044062540244,0.00943542241536426,0.007428451393647347,0.013023967231583795,0.007762896424869214,0.00943841588810258,0.010895946372568846,0.003927483954078323,0.011038620722263028,0.006503231472560011,R
0.028589363670193997,0.02031332736305182,0.016700758980761215,0.05234209826574303,0.08813364329308519,0.11823124455512207,0.09813805783014466,0.12288834316124375,0.1116625090873386,0.2040087592449271,0.23502824969649735,0.20293023904921897,0.14612285003402706,0.21794690244331955,0.33310055437493413,0.6141162364221541,0.6982109314764194,0.6635838136629408,0.5568991132255392,0.5945061727734202,0.6785209830456838,0.6843946570999343,0.6067528110055629,0.6061847202472073,0.8118645360580977,0.8943714890756432,0.8330117629967015,0.7134304798460335,0.5554206435963662,0.5083482498233712,0.5997609691391607,0.6618605037640094,0.6211657918375284,0.6462308280352885,0.6692567933019387,0.6416550446858286,0.5589062180609494,0.3642060273082,0.36382491128312117,0.3507525064992923,0.2981753086282479,0.2525955884604248,0.2250525686048815,0.22086999842617436,0.1372892861353187,0.12491838979598106,0.08642185269896051,0.05732553217797307,0.03676562024528861,0.014983290427947177,0.005619430339255273,0.01175610798751295,0.005906404573998486,0.006711576181768956,0.007706529990963954,0.004358402496212564,0.008233714791420793,0.012745245964254642,0.006403470708427282,0.005921067075246622,R
0.019540350913175072,0.02766505553374852,0.06580023660864284,0.04916000393479022,0.04421760215601684,0.08450221753362788,0.0891967583450335,0.1364253480122799,0.16777079290078256,0.1963330181427982,,0.31950980840364346,0.2204930121500204,0.20648027106359168,0.2269923972402821,0.2996009083712092,0.2836685030951591,0.21465200563576686,0.3245430860907108,0.3832569541949432,0.3530796630027524,0.24989257475492735,0.25840630698595735,0.1893572948440609,0.1805904758844119,0.22302534788174688,0.4776988205217028,0.6988356300011709,0.6280693106488577,0.6751318973357131,0.7409884314488766,0.5254390129840133,0.4838980517931916,0.6958304493622973,0.8131663493331656,0.7945227724064889,0.733879857244681,0.6447010260814862,0.5680041212487464,0.582276281490044,0.5275394065264538,0.4210581400922316,0.3107361940819266,0.19868936790353778,0.14024416464009917,0.05205467292708119,0.10202178116382875,0.09057453916425674,0.044985967807157544,0.016305900064615953,0.007497177173506817,0.009291291543107495,0.017193033124973965,0.015152046291027567,0.01046528294947479,0.00998942396412993,0.016559576766913425,0.01750798377838999,0.024368828131851806,0.006662838708594241,R
0.06023961600200769,0.07546407051243041,0.06457229711229652,0.05554326078695732,0.10226676282257527,0.10473017639410583,0.13983386718943377,0.1777055940498888,0.3694734619461752,0.3966425270422991,0.34890895671378064,0.21433177111823887,0.19869446322163106,0.2201528312589305,0.2660313156531168,0.23426908714830103,0.292675287499448,0.3587238053260357,0.5492557211562996,0.8002873215012286,0.8174776213848233,0.4533411784363848,0.16652796408465056,0.2603860497590929,0.3362114363086231,0.5875643113256828,0.6353340756612412,0.6379262843079438,0.6837549019684952,0.7223936951828667,0.45516098392787524,0.4382941635085141,0.6190797489811384,0.6388558443292286,0.6538099498278233,0.578067490140934,0.5548058067300277,0.6082753521175458,0.5746750660913119,0.41772400478133226,0.32619759147421257,0.2604314171063625,0.24729142117457883,0.23425821459067014,0.2840133235882134,0.23104453859170615,0.14243290307017473,0.11187673396848688,0.06186011827009615,0.028803216871769472,0.016761984746842023,0.011011790204903211,0.009397451783342626,0.009296937432397697,0.008539663277934307,0.006160704001914764,0.009980472644562198,0.008944700846743776,0.007006721912713797,0.0048832810993469115,M
0.0298,0.0615,0.065,0.0921,0.1615,0.2294,0.2176,0.2033,0.1459,0.0852,0.2476,0.3645,0.2777,0.2826,0.3237,0.4335,0.5638,0.4555,0.4348,0.6433,0.3932,0.1989,0.354,0.9165,0.9371,0.462,0.2771,0.6613,0.8028,0.42,0.5192,0.6962,0.5792,0.8889,0.7863,0.7133,0.7615,0.4401,0.3009,0.3163,0.2809,0.2898,0.0526,0.1867,0.1553,0.1633,0.1252,0.0748,0.0452,0.0064,0.0154,0.0031,0.0153,0.0071,0.0212,0.0076,0.0152,0.0049,0.02,0.0073,R
0.0715,0.0849,0.0587,0.0218,0.0862,0.1801,0.1916,0.1896,0.296,0.4186,0.4867,0.5249,0.5959,0.6855,0.8573,0.9718,0.8693,0.8711,0.8954,0.9922,0.898,0.8158,0.8373,0.7541,0.5893,0.5488,0.5643,0.5406,0.4783,0.4439,0.3698,0.2574,0.1478,0.1743,0.1229,0.1588,0.1803,0.1436,0.1667,0.263,0.2234,0.1239,0.0869,0.2092,0.1499,0.0676,0.0899,0.0927,0.0658,0.0086,0.0216,0.0153,0.0121,0.0096,0.0196,0.0042,0.0066,0.0099,0.0083,0.0124,M
0.0283,0.0599,0.0656,0.0229,0.0839,0.1673,0.1154,0.1098,0.137,0.1767,0.1995,0.2869,0.3275,0.3769,0.4169,0.5036,0.618,0.8025,0.9333,0.9399,0.9275,0.945,0.8328,0.7773,0.7007,0.6154,0.581,0.4454,0.3707,0.2891,0.2185,0.1711,0.3578,0.3947,0.2867,0.2401,0.3619,0.3314,0.3763,0.4767,0.4059,0.3661,0.232,0.145,0.1017,0.1111,0.0655,0.0271,0.0244,0.0179,0.0109,0.0147,0.017,0.0158,0.0046,0.0073,0.0054,0.0033,0.0045,0.0079,M
0.02,0.0371,0.0428,0.0207,0.0954,0.0986,0.1539,0.1601,0.3109,0.2111,0.1609,0.1582,0.2238,0.0645,0.066,0.2273,0.31,0.2999,0.5078,0.4797,0.5783,0.5071,0.4328,0.555,0.6711,0.6415,0.7104,0.808,0.6791,0.3857,0.1307,0.2604,0.5121,0.7547,0.8537,0.8507,0.6692,0.6097,0.4943,0.2744,0.051,0.2834,0.2825,0.4256,0.2641,0.1386,0.1051,0.1343,0.0383,0.0324,0.0232,0.0027,0.0065,0.0159,0.0072,0.0167,0.018,0.0084,0.009,0.0032,R
0.0126,0.0149,0.0641,0.1732,0.2565,0.2559,0.2947,0.411,0.4983,0.592,0.5832,0.5419,0.5472,0.5314,0.4981,0.6985,0.8292,0.7839,0.8215,0.9363,1.0,0.9224,0.7839,0.547,0.4562,0.5922,0.5448,0.3971,0.0882,0.2385,0.2005,0.0587,0.2544,0.2009,0.0329,0.1547,0.1212,0.2446,0.3171,0.3195,0.3051,0.0836,0.1266,0.1381,0.1136,0.0516,0.0073,0.0278,0.0372,0.0121,0.0153,0.0092,0.0035,0.0098,0.0121,0.0006,0.0181,0.0094,0.0116,0.0063,R
0.05011630111264343,0.1137713529591665,0.08666800748940291,0.07986817926993198,0.06187186479862879,0.14920674148921778,0.10792184405554729,0.19516939549486095,0.13385347038789483,0.1004914523303973,0.23738914584416554,0.3498686052500876,0.30335567359186816,0.1482011532340366,0.13298088473013178,0.2898187938019479,0.2740517228333924,0.2972345578163681,0.289685589268153,0.5457881856823269,0.6067578992323193,0.6873943386748107,0.8513963786838867,0.7246158358934702,0.6806859084509447,0.7310696118656488,0.9204569806897221,0.8779572459782926,0.5381186263486091,0.5395973191785552,0.4438855020064985,0.37961767014535025,0.22080140180330413,0.5050309677704734,0.7301990150534824,0.784137095669659,0.6442566177326307,0.5230007670676393,0.5164839860145464,0.4016179390041974,0.4423126859473773,0.4855904390918165,0.4586318008510502,0.20675172179658746,0.38343677759651185,0.3746417217486877,0.1759245461392117,0.07230367593190257,0.09102703009391344,0.04705412495705364,0.01743029922035635,0.024572418433723153,0.01113870766601967,0.00840141459299189,0.020387361975118493,0.008987270503158215,0.006783033190899956,0.010390363288199004,0.011791123001524453,0.010260762662005476,M
0.042976535619433785,0.056428282759555096,0.07119175676883903,0.05904037162929071,0.097645646385526,0.21466899907846917,0.18988722499260735,0.2790219206451108,0.2585108290403616,0.23875690354298643,0.3995038256892888,0.5222490696775731,0.579978754658624,0.6592208128614323,0.6139183422641558,0.7414614334531577,0.7965810321396606,0.6967142126067867,0.6356488857258448,0.6183466975131923,0.4226847722645,0.38804541069358267,0.33473629758451234,0.3464749497124947,0.3945320466859977,0.4332386305727044,0.4225789814238891,0.3562441103871066,0.4691310062481715,0.30369435098599845,0.47901272887080953,0.44315596380682826,0.357452924436481,0.344512768481346,0.29815556407343907,0.5642234196398994,0.5176842974634277,0.2716897419334797,0.2709883993001215,0.22760678376238383,0.19032344273854032,0.09801266324604509,0.1737300193086135,0.20572133526198874,0.12320321715387357,0.07048152359242589,,0.08235068634807893,0.04493910175856791,0.005680049107725552,0.011801366971298412,0.010318509980909845,0.012636270231983996,0.0047231963618063685,0.012007615038828346,0.017079606488317498,0.011620777271970794,0.006126326573195159,0.006230234656201827,0.004712273808528235,R
0.0221,0.0065,0.0164,0.0487,0.0519,0.0849,0.0812,0.1833,0.2228,0.181,0.2549,0.2984,0.2624,0.1893,0.0668,0.2666,0.4274,0.6291,0.7782,0.7686,0.8099,0.8493,0.944,0.945,0.9655,0.8045,0.4969,0.396,0.3856,0.5574,0.7309,0.8549,0.9425,0.8726,0.6673,0.4694,0.1546,0.1748,0.3607,0.5208,0.5177,0.3702,0.224,0.0816,0.0395,0.0785,0.1052,0.1034,0.0764,0.0216,0.0167,0.0089,0.0051,0.0015,0.0075,0.0058,0.0016,0.007,0.0074,0.0038,M
0.020429763052527687,0.005725479582975138,0.014598262103392302,0.00860862131988627,0.027153309245865773,0.04003740527306036,0.07160882793225519,0.03612057638744994,0.07117352660146546,0.10439486240937693,0.10788824938380417,0.08815374433291018,0.1110495028116633,0.05568868934656914,0.01962664092677959,0.04553569113909635,0.09787283033471433,0.22466593106863827,0.3387500048417458,0.38600256632617236,0.4260959080188026,0.5123892372262074,0.6546563576228838,0.759086270419874,0.8521563702160149,0.8869553325078622,0.8080964430325441,0.8239765191552016,0.9151269901581711,0.8940886054705517,0.8434503511240805,0.8186764770339262,0.863065912714832,0.8638149544232757,0.7554675345218201,0.5671434821261624,0.36942988797219134,0.2858703187142492,0.20983629927384403,0.3174743139719494,0.34442257053837927,0.3411764331805168,0.28205062895571226,0.2634459305000633,0.22983936161783483,0.1727717361920171,0.08868436885921949,0.03987734883815176,0.03007234009658203,0.011359629386230594,0.005719605463408344,0.009372720355657733,0.006403181029930117,0.007225513274850346,0.00594117074456685,0.004060707393857288,0.001780435615595704,0.00229399679746299,0.0042965019438364754,0.0039003651616428677,R
0.0721,0.1574,0.1112,0.1085,0.0666,0.18,0.1108,0.2794,0.1408,0.0795,0.2534,0.392,0.3375,0.161,0.1889,0.3308,0.2282,0.2177,0.1853,0.5167,0.5342,0.6298,0.8437,0.6756,0.5825,0.6141,0.8809,0.8375,0.3869,0.5051,0.5455,0.4241,0.1534,0.495,0.6983,0.7109,0.5647,0.487,0.5515,0.4433,0.525,0.6075,0.5251,0.1359,0.4268,0.4442,0.2193,0.09,0.12,0.0628,0.0234,0.0309,0.0127,0.0082,0.0281,0.0117,0.0092,0.0147,0.0157,0.0129,M
0.0108,0.0086,0.0058,0.046,0.0752,0.0887,0.1015,0.0494,0.0472,0.0393,0.1106,0.1412,0.2202,0.2976,0.4116,0.4754,0.539,0.6279,0.706,0.7918,0.9493,1.0,0.9645,0.9432,0.8658,0.7895,0.6501,0.4492,0.4739,0.6153,0.4929,0.3195,0.3735,0.3336,0.1052,0.0671,0.0379,0.0461,0.1694,0.2169,0.1677,0.0644,0.0159,0.0778,0.0653,0.021,0.0509,0.0387,0.0262,0.0101,0.0161,0.0029,0.0078,0.0114,0.0083,0.0058,0.0003,0.0023,0.0026,0.0027,R
0.0232886266183355,0.029201462697299792,0.02099813253618158,0.043160973231124125,0.10622627051970873,0.1322716532269656,0.13717478902668395,0.14102531839958518,0.14745980672867112,0.15986122700610333,0.21466145384110566,0.2747551720198908,0.3242241880232738,0.3700263420214859,0.3216505783301666,0.2882142899938797,0.381134854999414,0.4393650187003522,0.49824903236446955,0.5494460695907915,0.6133642629419753,0.6280338766202092,0.6533005413309317,0.7522504756765962,0.8292550261071311,0.8474285768256251,0.8679446103732394,0.8610800308499167,0.7659978756251545,0.546612351576386,0.454705511888837,0.3150873305624165,0.22457797785910336,0.156949571755477,0.14353693156616143,0.1340287558586884,0.19160440687115854,0.23296047015535298,0.30697456611480917,0.2623631684778714,0.22952198260775297,0.2574394408072216,0.14266850558643906,0.09973090706871172,0.12936897332590366,0.1566148227750863,0.16111208602416868,0.10558502911065913,0.04675960391832229,0.01947039942539856,0.016560475913555528,0.012032585083660657,0.008132507813406166,0.01194186921750889,0.010820490540584477,0.002374432022804762,0.0062745950990630685,0.004328594369377882,0.0034865812994935306,0.00600213658973266,M
0.0412,0.1135,0.0518,0.0232,0.0646,0.1124,0.1787,0.2407,0.2682,0.2058,0.1546,0.2671,0.3141,0.2904,0.3531,0.5079,0.4639,0.1859,0.4474,0.4079,0.54,0.4786,0.4332,0.6113,0.5091,0.4606,0.7243,0.8987,0.8826,0.9201,0.8005,0.6033,0.212,0.2866,0.4033,0.2803,0.3087,0.355,0.2545,0.1432,0.5869,0.6431,0.5826,0.4286,0.4894,0.5777,0.4315,0.264,0.1794,0.0772,0.0798,0.0376,0.0143,0.0272,0.0127,0.0166,0.0095,0.0225,0.0098,0.0085,M
0.0201,0.0026,0.0138,0.0062,0.0133,0.0151,0.0541,0.021,0.0505,0.1097,0.0841,0.0942,0.1204,0.042,0.0031,0.0162,0.0624,0.2127,0.3436,0.3813,0.3825,0.4764,0.6313,0.7523,0.8675,0.8788,0.7901,0.8357,0.9631,0.9619,0.9236,0.8903,0.9708,0.9647,0.7892,0.5307,0.2718,0.1953,0.1374,0.3105,0.379,0.4105,0.3355,0.2998,0.2748,0.2024,0.1043,0.0453,0.0337,0.0122,0.0072,0.0108,0.007,0.0063,0.003,0.0011,0.0007,0.0024,0.0057,0.0044,R
0.020717609265971142,0.01480456535566049,0.04162309148005432,0.038068062674206336,0.036056639360105405,0.07538405125422284,0.10982205809014806,0.11824552497482893,0.17262097882649766,0.15714532821193528,0.1719758532554096,0.11847393290639288,0.1133639458512148,0.28489419618756695,0.32701767621085365,0.35095898591035474,0.4702706963783869,0.39995184805278455,0.35899682844044306,0.38692561263281344,0.5648480475898429,0.7426403782146281,0.8671861953536589,0.9513664386618943,0.8946616046406315,0.8696429756961546,0.8831870028066573,0.7777757937984193,0.7076060388436722,0.6498644582265243,0.5615746740813523,0.4299985149555296,0.40992355374674583,0.3905719419619412,0.5338212556728962,0.6063795148362543,0.5735047997141725,0.3806145709557512,0.15142179219364157,0.20776492780767852,0.27453170794912507,0.18802136468057493,0.14289871655860112,0.10650147189877103,0.1114401590354499,0.08923051021093671,0.09027074486672626,0.08995997009410864,0.0599956619628473,0.020072377765175196,0.008372591409819507,0.005631630582387606,0.009156530705144788,0.01064444978361071,0.003766759732929327,0.005747790802155238,0.005419726849033846,0.004302309542978703,0.0038965051656358247,0.0025912642176867894,R
0.0635,0.0709,0.0453,0.0333,0.0185,0.126,0.1015,0.1918,0.3362,0.39,0.4674,0.5632,0.5506,0.4343,0.3052,0.3492,0.3975,0.3875,0.528,0.7198,0.7702,0.8562,0.8688,0.9236,1.0,0.9662,0.9822,0.736,0.4158,0.2918,0.328,0.369,0.345,0.2863,0.0864,0.3724,0.4649,0.3488,0.1817,0.1142,0.122,0.2621,0.4461,0.4726,0.3263,0.1423,0.039,0.0406,0.0311,0.0086,0.0154,0.0048,0.0025,0.0087,0.0072,0.0095,0.0086,0.0085,0.004,0.0051,M
0.033367141276478066,0.0666719149297985,0.043271527958769644,0.028894639490169422,0.05734873587509133,0.08584677841888948,0.13051194994484175,0.16934025199479616,0.21252624645453103,0.20969987938690482,0.19021235483229246,0.24229087846918698,0.24626263849762994,0.23479018442531252,0.2653759775446332,0.36250682650178256,0.38356828611515276,0.27520025842381485,0.43977137191031435,0.4085305183592579,0.5227139679049392,0.5563933382697349,0.5929647771899325,0.7228491103489395,0.698286941217896,0.6645376261532275,0.7662192439929825,0.8007469869030477,0.7192634128938882,0.7312210354173153,0.6915843314195764,0.5841074050757514,0.35664649775446605,0.3548348186246611,0.3639260602443032,0.26228528302023835,0.237037756257442,0.2645770361060752,0.2622935100525952,0.2537951969212056,0.5199165481357871,0.5373942218349768,0.48340184084317767,0.3681781795829703,0.3546884802135558,0.3912845654831884,0.3098425943139083,0.20282729673059927,0.13058551968291998,0.05114745125284612,0.05203830080114583,0.026018209818006052,0.010776817023717952,0.014897133873470714,0.008054194680758157,0.011083939023001112,0.006368058641580299,0.012862367986413463,0.006377269431704649,0.005785743153494993,M
0.012768542610563814,0.033775857670021246,0.04152045056854077,0.03348928373453664,0.07087866121027016,0.16376031396759258,0.15808794992593853,0.133657765490037,0.2315656352010961,0.27955946695439543,0.19464642696609508,0.08618412517266995,0.1953764588977596,0.3481914092921005,0.38664738653075637,0.5167237623864005,0.6001401435144753,0.6122475234120508,0.47313486948505995,0.45925165153036895,0.5448837120482435,0.604502485593904,0.7643228357284785,0.8429116952892548,0.8587097252760744,0.8716245229336625,0.9024642085464117,0.7425429828848782,0.4885809593730149,0.4620501065522589,0.6109808475122999,0.5994198033622445,0.38169359155508475,0.4702049726230131,0.6789670116944954,0.6063864821121583,0.46444888272754853,0.4661515009220912,0.3397775863554431,0.2380667037413166,0.13081928799374223,0.10950474606768151,0.16335489528463085,0.16231632753908046,0.13237133896909042,0.05607544470080438,0.03743976895495002,0.027895346557797355,0.012815929923114032,0.01657125147399187,0.0021355033738184826,0.012544772113845762,0.006059338276179677,0.011422284680075707,0.008846452713234964,0.0034446532940504374,0.00269672631947789,0.003793262832455234,0.009995176505982528,0.00676051380382545,R
0.004407676175936308,0.029895226679783466,0.01779394288607593,0.025838195460601683,0.04050098859025105,0.12115240650407723,0.18217360217567952,0.13956887220488629,0.1229055608360786,0.13968483472841403,0.12765940560027797,0.26316486071156237,0.2793809701898727,0.30567586297698707,0.2815195321960289,0.30903230549742383,0.21486677105456853,0.3161643270736095,0.3851904048848564,0.4178169960507122,0.377297870887463,0.26007707886632825,0.48392648901970836,0.7003374566249626,0.762732028930858,0.7598231924838247,0.7690649577497953,0.8774932120330721,0.9854580371729383,0.7868210577418774,0.548695393958175,0.4447146603281775,0.6513700977222437,0.6087364258531365,0.44770124187085725,0.32307158411228576,0.31110984374804435,0.3873566206870129,0.4269086242726393,0.27994089025037217,0.21844943194447683,0.26266681463160074,0.19234575090223446,0.12938898928452566,0.09440758556964535,0.0921836063347506,0.08055269875610409,0.05223377183105065,0.03074101995100427,0.011048236204804327,0.016045568543682186,0.016665773965596698,0.008016782826885789,0.004120802543664841,0.010528334974543226,0.008698433146638925,0.00921486903239019,0.004177733857603807,0.003501130716776196,0.0038905466368524574,R
0.0231,0.0351,0.003,0.0304,0.0339,0.086,0.1738,0.1351,0.1063,0.0347,0.0575,0.1382,0.2274,0.4038,0.5223,0.6847,0.7521,0.776,0.7708,0.8627,1.0,0.8873,0.8057,0.876,0.9066,0.943,0.8846,0.65,0.297,0.2423,0.2992,0.2285,0.2277,0.1529,0.1037,0.0352,0.1073,0.1373,0.1331,0.1454,0.1115,0.044,0.0762,0.1381,0.0831,0.0654,0.0844,0.0595,0.0497,0.0313,0.0154,0.0106,0.0097,0.0022,0.0052,0.0072,0.0056,0.0038,0.0043,0.003,R
0.0211,0.0319,0.0415,0.0286,0.0121,0.0438,0.1299,0.139,0.0695,0.0568,0.0869,0.1935,0.1478,0.1871,0.1994,0.3283,0.6861,0.5814,0.25,0.1734,0.3363,0.5588,0.6592,0.7012,0.8099,0.8901,0.8745,0.7887,0.8725,0.9376,0.892,0.7508,0.6832,0.761,0.9017,1.0,0.9123,0.7388,0.5915,0.4057,0.3019,0.2331,0.2931,0.2298,0.2391,0.191,0.1096,0.03,0.0171,0.0383,0.0053,0.009,0.0042,0.0153,0.0106,0.002,0.0105,0.0049,0.007,0.008,R
0.03177875654238605,0.03331465179316036,0.03755076842135495,0.04234208410226709,0.06651283507072252,0.0703265860127829,0.0915056686532041,0.1118412903767233,0.11200323133604882,0.08441657030671731,0.03572145780565255,0.10687125655786142,0.17634932283321308,0.26534232109587974,0.3776419960810303,0.5100438639561554,0.5819690238077764,0.6025754477167654,0.6123330931359882,0.6339732018874459,0.7889380860187798,0.7306997748299743,0.7581960653633881,0.7626476603750054,0.6854335203595338,0.7213757410470176,0.7434463898963148,0.6528987387515586,0.48564434927173455,0.5118027081076744,0.5565228507196428,0.41753206335419585,0.3791845958398161,0.4474494669373228,0.3953266463972159,0.2872245633722735,0.27992620176200533,0.24537034591321122,0.22745961508270568,0.314795214798297,0.2464508460054457,0.20478416236828595,0.1314486153604504,0.14854605229770532,0.12173549372136776,0.05086395921230995,0.09485380476266989,0.0747351180727023,0.033357613232372095,0.017917985657298553,0.0052139000577914076,0.012094514662490553,0.013194492843796599,0.006583965921022087,0.004431361431885811,0.014873602791676849,0.011868408395547935,0.0033954468442799375,0.007469466517748226,0.006248580615362359,R
0.0409,0.0421,0.0573,0.013,0.0183,0.1019,0.1054,0.107,0.2302,0.2259,0.2373,0.3323,0.3827,0.484,0.6812,0.7555,0.9522,0.9826,0.8871,0.8268,0.7561,0.8217,0.6967,0.6444,0.6948,0.8014,0.6053,0.6084,0.8877,0.8557,0.5563,0.2897,0.3638,0.4786,0.2908,0.0899,0.2043,0.1707,0.0407,0.1286,0.1581,0.2191,0.1701,0.0971,0.2217,0.2732,0.1874,0.1062,0.0665,0.0405,0.0113,0.0028,0.0036,0.0105,0.012,0.0087,0.0061,0.0061,0.003,0.0078,R
0.05672558899041313,0.06406602879317085,0.10672482407840325,0.09562736924537464,0.0392269925126563,0.12069014922237704,0.08695379060836854,0.08028771534745953,0.24500787573554828,0.23024172474759816,0.3138110056107506,0.343110620650342,0.3748226778380938,0.4209122020808731,0.44042398350532197,0.4099735643964482,0.4388830833585899,0.31478512764829897,0.30776132275832313,0.5009843709794118,0.6467158207522266,0.6764004901929914,0.7069455184805002,0.7415780569705817,0.63258670516293,0.5412373583921823,0.6508220520535462,0.6879112276921916,0.6964977894249075,0.7303352207165814,0.7574718813302944,0.7481609027020157,0.5413262011296283,0.49836149996613827,0.5949186131926752,0.4087659656653443,0.17261539621878902,0.3172802613558692,0.3241238099308689,0.22336805297857837,0.49921860220237907,0.4539371263214168,0.21685279585981973,0.44499646729695014,0.49819075112995426,0.40390481482432006,0.2757875359428717,0.13658055235621672,0.05734330830326106,0.022092097665281755,0.03399377176355516,0.02906024619611486,0.0142915231582878,0.027597991948452832,0.03341095107839995,0.014260103442187129,0.011485647265359018,0.009976659659711017,0.029419777156061852,0.018628050424714663,M
0.02058339422036142,0.01514143031769953,0.04756813727297907,0.061523336611886414,0.04381108377072274,0.03564019010020009,0.043475908514538544,0.06230781251883402,0.1283712893490602,0.16092397168651695,0.18731156643761307,0.21047619662362413,0.2133830542996989,0.14847781243070537,0.0780907143945032,0.14507086661426682,0.2614882582211168,0.32741374868588796,0.46045038271967703,0.5138420585129552,0.5674327935332317,0.6360309629958647,0.6296093415008549,0.6086717582213996,0.6678000184266598,0.7657685892187445,0.8420535798597607,0.9082165162798935,0.892237886987446,0.7471476815103352,0.422264679562043,0.2946180064106532,0.33775260568090026,0.46529086302339956,0.6045528814787389,0.6608801680066376,0.6408784857005871,0.5998275043529152,0.5098630008352498,0.41752166785275063,0.3906740709533311,0.3288961343186339,0.32892048377956784,0.3537374821791467,0.3198421846787459,0.2328088592579678,0.14207941519665032,0.08529462612000112,0.05385008040448569,0.017450443224797326,0.006132723192918719,0.011884801866754781,0.008290448934961087,0.0019405105643791527,0.0043096087547248915,0.007740922193471652,0.0035136236487895776,0.0018700020717040888,0.00473417859963847,0.0032208333370797792,M
0.0707,0.1252,0.1447,0.1644,0.1693,0.0844,0.0715,0.0947,0.1583,0.1247,0.234,0.1764,0.2284,0.3115,0.4725,0.5543,0.5386,0.3746,0.4583,0.5961,0.7464,0.7644,0.5711,0.6257,0.6695,0.7131,0.7567,0.8077,0.8477,0.9289,0.9513,0.7995,0.4362,0.4048,0.4952,0.1712,0.3652,0.3763,0.2841,0.0427,0.5331,0.6952,0.4288,0.3063,0.5835,0.5692,0.263,0.1196,0.0983,0.0374,0.0291,0.0156,0.0197,0.0135,0.0127,0.0138,0.0133,0.0131,0.0154,0.0218,M
0.031958660808660735,0.03661721120208617,0.029243456690115667,0.033534205791187224,0.06030957185794057,0.10046006306386311,0.13520588754598153,0.09734473956196803,0.11080889674048892,0.19185252976005243,,0.13818702899034765,0.16997125703043517,0.12246465363065687,0.25129462176986744,0.20446658747251742,0.17154767062918128,0.22252734824031917,0.28911031931383807,0.36978501023693944,0.2627410321675699,0.43148212255391305,0.4667759192908517,0.3844116342783361,0.3446563699235328,0.41320454287084246,0.4658504392762686,0.4979122431686843,0.6336884029808357,0.8517565382549984,0.6960995808020961,0.5369328166891804,0.7365379699564173,0.9094486547176001,0.8847190284669708,0.822569891841655,0.5664546374923989,0.39602535607510286,0.17638350825589516,0.43359257994308026,0.5431755354653495,0.49400559331414506,0.2535604373825119,0.2001821076730348,0.1992088632023948,0.24798332946632198,0.1984072735561649,0.09039139810627701,0.03794477309394643,0.03058313803755155,0.03058187785994849,0.019646125909959712,0.01063822828279048,0.012105098025278966,0.00943290458595669,0.006137787092059776,0.009968480108714428,0.008440322385914033,0.008343553808930655,0.003935031823183156,R
0.0099,0.0484,0.0299,0.0297,0.0652,0.1077,0.2363,0.2385,0.0075,0.1882,0.1456,0.1892,0.3176,0.134,0.2169,0.2458,0.2589,0.2786,0.2298,0.0656,0.1441,0.1179,0.1668,0.1783,0.2476,0.257,0.1036,0.5356,0.7124,0.6291,0.4756,0.6015,0.7208,0.6234,0.5725,0.7523,0.8712,0.9252,0.9709,0.9297,0.8995,0.7911,0.56,0.2838,0.4407,0.5507,0.4331,0.2905,0.1981,0.0779,0.0396,0.0173,0.0149,0.0115,0.0202,0.0139,0.0029,0.016,0.0106,0.0134,R
0.0308,0.0339,0.0202,0.0889,0.157,0.175,0.092,0.1353,0.1593,0.2795,0.3336,0.294,0.1608,0.3335,0.4985,0.7295,0.735,0.8253,0.8793,0.9657,1.0,0.8707,0.6471,0.5973,0.8218,0.7755,0.6111,0.4195,0.299,0.1354,0.2438,0.5624,0.5555,0.6963,0.7298,0.7022,0.5468,0.1421,0.4738,0.641,0.4375,0.3178,0.2377,0.2808,0.1374,0.1136,0.1034,0.0688,0.0422,0.0117,0.007,0.0167,0.0127,0.0138,0.009,0.0051,0.0029,0.0122,0.0056,0.002,R
0.02736446567657649,0.05256436303951777,0.08640896155025783,0.11665916006058735,0.11829570735612382,0.11565058465984583,0.10660478554088684,0.260658965140385,0.11661590469206978,0.03709792262762918,0.2104250373416774,0.25672897518107046,0.19782239117456196,0.364287499151527,0.44647228476925555,0.5230062919376589,0.4761966936485424,0.4508090943211061,0.45669512439250276,0.40758026824282395,0.38520991888932693,0.3068491966686093,0.40027316114806843,0.5996036307921633,0.4721666362476859,0.4785773545896119,0.5642696164785012,0.48935416967025275,0.4038678190649627,0.37708825883514674,0.33303950567429624,0.3261214469003906,0.4037770645460711,0.36422263370052516,0.2694798509632826,0.24824047461030666,0.17852160586156493,0.2627946567241629,0.33907023935716,0.3539768799756415,0.2978576511412525,0.34775093174431015,0.27974994490508764,0.1838090572644135,0.1977509677593207,0.16325879168372917,0.07559840760952401,0.09904638155726805,0.0604240597855845,0.014359721380738185,0.012599629180101967,0.020040044385199737,0.01856131824320266,0.018034441439407918,0.02442528511640883,0.010464311891935234,0.022660576119539425,0.02085821653214734,0.017736432289573185,0.008758570385322966,M
0.02603195014462404,0.040101277779553676,0.0522746828002412,0.03266054488818364,0.10002858112639572,0.13529029882265395,0.16836890297139362,0.20448473717387716,0.3153103502293273,0.22905989422293252,0.23937223541268884,0.27858699299382234,0.3332139187302384,0.2319661635767674,0.23040812915653175,0.39322081003714926,0.4659336196151396,0.43855689278798354,0.5809738671374794,0.5518786299673851,0.5645615641262601,0.47759186475706983,0.423895135154353,0.5209600332617786,0.585405892145467,0.5653016142127922,0.6193221033535061,0.6813743463183278,0.6244861893284156,0.34439095756680427,0.19013111342260863,0.26532895077636287,0.4332692126649757,0.6337094124457867,0.6823081011320593,0.7565626478356839,0.6090947309071282,0.49826306479280913,0.4185645399935329,0.257937758727228,0.08057518362329534,0.23253704958149501,0.24844712316248654,0.3660774588139404,0.21677284709293262,0.11106214986855094,,0.12068297836441876,0.03879087668732862,0.026325100338979033,0.020723266478199828,0.004054682136565307,0.0070580991165234315,0.013362355940495264,0.007700204583259027,0.017158665934659312,0.017111223027377834,0.007521710871023503,0.008008612571581792,0.003425186895098411,R
0.012898039432209229,,0.020742232868298915,0.04154183954373976,0.05073977614006566,0.11509141736146618,0.20362037299154348,0.20303511143763825,0.2185407011436213,0.2808232208590125,0.3317102187085321,0.24591035018309387,0.3390596199585831,0.5210812956807821,0.4457306550653187,0.39056840727703585,0.3444076996040241,0.4374808863247115,0.525697161959196,0.539159954587315,0.5353478547935868,0.5389258464259471,0.6000288905362637,0.6625887926499446,0.69143484568524,0.7946672455863646,0.7896885499469071,0.8036586517527634,0.7950084046807346,0.5711910896717765,0.4129634848446711,0.3543865249561584,0.36274752466276405,0.29497748587779166,0.18089623407434938,0.15401472643151146,0.1495283491199388,0.15480448809598493,0.22532358140440087,0.29163527597085287,0.2835241989517975,0.33086239804711,0.3387687524985132,0.17292881410956445,0.14241251494724338,0.11023409830412186,0.14652076948225864,0.13660878200666027,0.08520759146716912,0.022782388932945402,0.02371579908989295,0.008319240354688949,0.012215806640505748,0.008979119283288773,0.01469597061173497,0.006353880542535224,0.005761438166143679,0.014688968917974549,0.008428547865395354,0.0019869381884205202,M
0.043013824917513294,0.07241777642008641,0.05585353388442041,0.033122116690829546,0.08705380802081225,0.2023168308983862,0.15780859861176239,0.17343299879450422,0.22424560773678862,0.14112312830611115,0.25217245586236936,0.27552596803206225,0.3837912136804371,0.3184066100626696,0.2010124470028114,0.2512779863746218,0.26802168356539546,0.17308996591287426,0.2702989033366741,0.3393895164789658,0.4924901694665365,0.6137260669814156,0.6548916978843123,0.6739665895895435,0.5796221166802523,0.6100564154172146,0.6922060506551345,0.8777420942848387,0.9057339107938528,0.8197917372112719,0.8868713737190099,0.80878584138346,0.6321106708451383,0.5870971911149452,0.5867467756217372,0.340340055337518,0.17358329404820547,0.18617173358764097,0.1715673368940334,0.27812579768016177,0.5788278657291792,0.6938269603754558,0.4536227534640032,0.3532974648568561,0.4969013973195021,0.5131872065217099,0.27590289363119996,0.1305954590396104,0.036169252689371975,0.030841437663116172,0.03910462532189643,0.03578455382235234,0.022779792898164338,0.012592165094989385,0.010080141119689348,0.01059887114766766,0.002207406307878847,0.009176176081510235,0.005883234491977386,0.006047817395811545,M
0.0216,0.0124,0.0174,0.0152,0.0608,0.1026,0.1139,0.0877,0.116,0.0866,0.1564,0.078,0.0997,0.0915,0.0662,0.1134,0.174,0.2573,0.3294,0.391,0.5438,0.6115,0.7022,0.761,0.7973,0.9105,0.8807,0.7949,0.799,0.718,0.6407,0.6312,0.5929,0.6168,0.6498,0.6764,0.6253,0.5117,0.389,0.3273,0.2509,0.153,0.1323,0.1657,0.1215,0.0978,0.0452,0.0273,0.0179,0.0092,0.0018,0.0052,0.0049,0.0096,0.0134,0.0122,0.0047,0.0018,0.0006,0.0023,R
0.0388,0.0324,0.0688,0.0898,0.1267,0.1515,0.2134,0.2613,0.2832,0.2718,0.3645,0.3934,0.3843,0.4677,0.5364,0.4823,0.4835,0.5862,0.7579,0.6997,0.6918,0.8633,0.9107,0.9346,0.7884,0.8585,0.9261,0.708,0.5779,0.5215,0.4505,0.3129,0.1448,0.1046,0.182,0.1519,0.1017,0.1438,0.1986,0.2039,0.2778,0.2879,0.1331,0.114,0.131,0.1433,0.0624,0.01,0.0098,0.0131,0.0152,0.0255,0.0071,0.0263,0.0079,0.0111,0.0107,0.0068,0.0097,0.0067,M
0.0293,0.0644,0.039,0.0173,0.0476,0.0816,0.0993,0.0315,0.0736,0.086,0.0414,0.0472,0.0835,0.0938,0.1466,0.0809,0.1179,0.2179,0.3326,0.3258,0.2111,0.2302,0.3361,0.4259,0.4609,0.2606,0.0874,0.2862,0.5606,0.8344,0.8096,0.725,0.8048,0.9435,1.0,0.896,0.5516,0.3037,0.2338,0.2382,0.3318,0.3821,0.1575,0.2228,0.1582,0.1433,0.1634,0.1133,0.0567,0.0133,0.017,0.0035,0.0052,0.0083,0.0078,0.0075,0.0105,0.016,0.0095,0.0011,R
0.0192,0.0607,0.0378,0.0774,0.1388,0.0809,0.0568,0.0219,0.1037,0.1186,0.1237,0.1601,0.352,0.4479,0.3769,0.5761,0.6426,0.679,0.7157,0.5466,0.5399,0.6362,0.7849,0.7756,0.578,0.4862,0.4181,0.2457,0.0716,0.0613,0.1816,0.4493,0.5976,0.3785,0.2495,0.5771,0.8852,0.8409,0.357,0.3133,0.6096,0.6378,0.2709,0.1419,0.126,0.1288,0.079,0.0829,0.052,0.0216,0.036,0.0331,0.0131,0.012,0.0108,0.0024,0.0045,0.0037,0.0112,0.0075,R
0.0265,0.044,0.0137,0.0084,0.0305,0.0438,0.0341,0.078,0.0844,0.0779,0.0327,0.206,0.1908,0.1065,0.1457,0.2232,0.207,0.1105,0.1078,0.1165,0.2224,0.0689,0.206,0.2384,0.0904,0.2278,0.5872,0.8457,0.8467,0.7679,0.8055,0.626,0.6545,0.8747,0.9885,0.9348,0.696,0.5733,0.5872,0.6663,0.5651,0.5247,0.3684,0.1997,0.1512,0.0508,0.0931,0.0982,0.0524,0.0188,0.01,0.0038,0.0187,0.0156,0.0068,0.0097,0.0073,0.0081,0.0086,0.0095,R
0.0015,0.0186,0.0289,0.0195,0.0515,0.0817,0.1005,0.0124,0.1168,0.1476,0.2118,0.2575,0.2354,0.1334,0.0092,0.1951,0.3685,0.4646,0.5418,0.626,0.742,0.8257,0.8609,0.84,0.8949,0.9945,1.0,0.9649,0.8747,0.6257,0.2184,0.2945,0.3645,0.5012,0.7843,0.9361,0.8195,0.6207,0.4513,0.3004,0.2674,0.2241,0.3141,0.3693,0.2986,0.2226,0.0849,0.0359,0.0289,0.0122,0.0045,0.0108,0.0075,0.0089,0.0036,0.0029,0.0013,0.001,0.0032,0.0047,M
0.0084,0.0153,0.0291,0.0432,0.0951,0.0752,0.0414,0.0259,0.0692,0.1753,0.197,0.1167,0.1683,0.0814,0.2179,0.5121,0.7231,0.7776,0.6222,0.3501,0.3733,0.2622,0.3776,0.7361,0.8673,0.8223,0.7772,0.7862,0.5652,0.3635,0.3534,0.3865,0.337,0.1693,0.2627,0.3195,0.1388,0.1048,0.1681,0.191,0.1174,0.0933,0.0856,0.0951,0.0986,0.0956,0.0426,0.0407,0.0106,0.0179,0.0056,0.0236,0.0114,0.0136,0.0117,0.006,0.0058,0.0031,0.0072,0.0045,R
0.02245530036193436,0.0104177809364425,0.02588432052909654,0.0432127575013089,0.057576272818349344,0.11288369341751404,0.10516848045200941,0.16619059362770502,0.25188537730615357,0.26433544500393613,0.2934192415758104,0.3260728465661238,0.3121714549203283,0.2448408804652112,0.16812389637196465,0.2786590275186999,0.35901333914518224,0.43786433145854586,0.6046485931414977,0.6421489258619669,0.6795818190167497,0.6570213338709308,0.7425762670170564,0.7644237697431592,0.8343276714633027,0.7757560294443642,0.563562759351235,0.537231522817608,0.5445798645365483,0.6754381955360128,0.8054497988117286,0.7939173253295626,0.7652992974069202,0.6640433850248533,0.4625970815668285,0.33689556731978676,0.14960497192576555,0.1811971344274912,0.3621515201149929,0.529781163903543,0.5466097532198333,0.4217564608285876,0.3498970329762867,0.2457290124969585,0.3001678049226046,0.2810936531480678,0.2233656090378956,0.1703451739616665,0.10726723194294359,0.033087608140488736,0.012295663852887335,0.008500172593216292,0.011194234292854826,0.005129769345805686,0.006193714040231925,0.004654405256175371,0.0033499648762342657,0.007652817758900912,0.007163819127024571,0.004000613980707168,M
0.040163646965562204,0.04843457282301261,0.040319518584821065,0.06648663350830508,0.09486945179374262,0.11422350784391887,0.12437133404755613,0.09565264278157927,0.11673605944673895,0.16110351825425717,0.2344560547392679,0.28821697957531894,0.35249665760113863,0.3592154044323653,0.4771324227704946,0.538745073269917,0.619780651889153,0.6993198607338013,0.7668542668641173,0.8035865259903102,0.8630778304382534,0.8959343262610989,0.9210818585579138,0.882768307583316,0.8109248939258963,0.7479656713481776,0.6429426587400446,0.5945125999782268,0.5472119594973234,0.47946591073891354,0.41492845618747637,0.31822138268373806,0.3210165185751614,0.3541037840330352,0.3562801923814689,0.3689959298667223,0.37321869839202443,0.346174921167251,0.3113590575045432,0.25411779879541085,0.23484352527704117,0.26583475702530807,0.2550021536324814,0.20305432317977887,0.14124780268096865,0.1030401085934916,0.09487197290908579,0.04623245576589245,0.038175129001442376,0.009635021368845748,0.014388299079110824,0.008248800547995951,0.007767569706318723,0.017888866000343406,0.012049095773585502,0.009265960356203645,0.014182890755192502,0.018392339495740435,0.011698247766456988,0.004342569127359981,M
0.008103499284725259,0.008815481340389623,0.00459748538617357,0.014974387384965067,0.03320652532646788,0.06876230786863796,0.058663525546149245,0.08797189266723662,0.08775017484043632,0.11400977850344578,0.09937876464489069,0.08021799613949299,0.089180281160559,0.14028387887108482,0.19320450854967877,0.28324475421972967,0.36594347149704265,0.494747710778679,0.547893779251309,0.6098793027478462,0.6584895065333503,0.7110193117896954,0.7024944890104912,0.684142250436223,0.6117265343175893,0.6806769598112355,0.7801443270269536,0.8755700481536461,0.9063462836256552,0.7864382557811415,0.6289690357803003,0.5279976283986758,0.44443932973711053,0.4542127128224186,0.4605915987483292,0.45601263270126124,0.38975531316428647,0.2959593678667619,0.2543298674696904,0.205412777529335,0.19344688936508983,0.125849806654219,0.13221322499854704,0.12030372596928604,0.10565988100293701,0.05079420518373571,0.052435422850866435,0.04764896905802994,0.027354734578301444,0.013816688562489477,0.005564881974576363,0.0055761422670127,0.002241138018101137,0.004740908254724206,0.004484895366444727,0.0034904113147056996,0.004678716161252693,0.0039054756847970986,0.0051883795324633875,0.0033367838424050596,R
0.0459,0.0437,0.0347,0.0456,0.0067,0.089,0.1798,0.1741,0.1598,0.1408,0.2693,0.3259,0.4545,0.5785,0.4471,0.2231,0.2164,0.3201,0.2915,0.4235,0.446,0.238,0.6415,0.8966,0.8918,0.7529,0.6838,0.839,1.0,0.8362,0.5427,0.4577,0.8067,0.6973,0.3915,0.1558,0.1598,0.2161,0.5178,0.4782,0.2344,0.3599,0.2785,0.1807,0.0352,0.0473,0.0322,0.0408,0.0163,0.0088,0.0121,0.0067,0.0032,0.0109,0.0164,0.0151,0.007,0.0085,0.0117,0.0056,R
0.043914503147222145,0.06438703846298205,0.0944113779866289,0.10235691954743026,0.09805563869770874,0.11231602950590328,0.11871434224159992,0.1544448866210838,0.2165168486144689,0.28088536013763526,0.3465479247349535,0.42413566474467396,0.4925995267715678,0.5155794688522883,0.42651343279227744,0.26454515218393204,0.28295552939871893,0.30187339755569204,0.3314446153768105,0.6441524097662166,0.8423263607837723,0.715075376531339,0.5358043868705863,0.426819847511457,0.3764876069755468,0.752299874580105,0.8554756835229732,0.6949075582694464,0.6305414576788572,0.573600170659397,0.48119246207156724,0.3681455966961345,0.30645037351310545,0.1908158362880923,0.035650763330009855,0.19040466218066976,0.25263921065009953,0.25685680960901364,0.4190330265889178,0.3124295699863783,0.21962292830016278,0.34890157926142484,0.36894379738503835,0.2896102665787073,0.2582347640969026,0.12784475956131067,0.11210106771662862,0.12294923921018465,0.07730386366510537,0.02721239920863698,0.023824639128614204,0.016695934209071964,0.009655614626175448,0.007420228527721294,0.0074379615816668205,0.004437816066711681,0.006862311450857037,0.00738088175348223,0.006850297844158978,0.005231744000184816,M
0.0211,0.0128,0.0015,0.045,0.0711,0.1563,0.1518,0.1206,0.1666,0.1345,0.0785,0.0367,0.1227,0.2614,0.428,0.6122,0.7435,0.813,0.9006,0.9603,0.9162,0.914,0.7851,0.5134,0.3439,0.329,0.2571,0.3685,0.5765,0.619,0.4613,0.3615,0.4434,0.3864,0.3093,0.2138,0.1112,0.1386,0.1523,0.0996,0.1644,0.1902,0.1313,0.1776,0.2,0.0765,0.0727,0.0749,0.0449,0.0134,0.0174,0.0117,0.0023,0.0047,0.0049,0.0031,0.0024,0.0039,0.0051,0.0015,M
0.0286,0.0453,0.0277,0.0174,0.0384,0.099,0.1201,0.1833,0.2105,0.3039,0.2988,0.425,0.6343,0.8198,1.0,0.9988,0.9508,0.9025,0.7234,0.5122,0.2074,0.3985,0.589,0.2872,0.2043,0.5782,0.5389,0.375,0.3411,0.5067,0.558,0.4778,0.3299,0.2198,0.1407,0.2856,0.3807,0.4158,0.4054,0.3296,0.2707,0.265,0.0723,0.1238,0.1192,0.1089,0.0623,0.0494,0.0264,0.0081,0.0104,0.0045,0.0014,0.0038,0.0013,0.0089,0.0057,0.0027,0.0051,0.0062,R
0.0408,0.0653,0.0397,0.0604,0.0496,0.1817,0.1178,0.1024,0.0583,0.2176,0.2459,0.3332,0.3087,0.2613,0.3232,0.3731,0.4203,0.5364,0.7062,0.8196,0.8835,0.8299,0.7609,0.7605,0.8367,0.8905,0.7652,0.5897,0.3037,0.0823,0.2787,0.7241,0.8032,0.805,0.7676,0.7468,0.6253,0.173,0.2916,0.5003,0.522,0.4824,0.4004,0.3877,0.1651,0.0442,0.0663,0.0418,0.0475,0.0235,0.0066,0.0062,0.0129,0.0184,0.0069,0.0198,0.0199,0.0102,0.007,0.0055,R
0.0094,0.0333,0.0306,0.0376,0.1296,0.1795,0.1909,0.1692,0.187,0.1725,0.2228,0.3106,0.4144,0.5157,0.5369,0.5107,0.6441,0.7326,0.8164,0.8856,0.9891,1.0,0.875,0.8631,0.9074,0.8674,0.775,0.66,0.5615,0.4016,0.2331,0.1164,0.1095,0.0431,0.0619,0.1956,0.212,0.3242,0.4102,0.2939,0.1911,0.1702,0.101,0.1512,0.1427,0.1097,0.1173,0.0972,0.0703,0.0281,0.0216,0.0153,0.0112,0.0241,0.0164,0.0055,0.0078,0.0055,0.0091,0.0067,M
0.02700284910803942,0.037797168762639256,0.014369420718823888,0.02321384047933662,0.04248059170647095,0.03127700172260945,0.044609688541449255,0.08975684425214388,0.20209123360800532,0.21653102563850887,0.21045598297684495,0.18383307783769537,0.20771663198793225,0.30499788064734573,0.4240867605282125,0.5515771140969655,0.6499966852062048,0.6022009316125533,0.6540214568545628,0.791366966344292,0.9012953416048628,0.9380442125640874,0.8364589380084417,0.6794731291900132,0.5690906923401718,0.6603932011264264,0.6892218139837264,0.5116025473283765,0.3898981563179682,0.4548152225164687,0.3195222302357614,0.3965760341224616,0.3965757735871628,0.2094306609710747,0.16435246844061852,0.30598130083135283,0.38589263513747163,0.35467555520931193,0.26928316073658487,0.22131495863598813,0.16220987920989377,0.24348652252766226,0.20060270346578513,0.14153951191194283,0.09442321570006651,0.06305730870140408,0.0767979173419903,0.07722508046684545,0.04273897713982474,0.018271421253276632,0.014768954462048846,0.009718966464603329,0.006208455585106297,0.011682185978015052,0.006518129529366021,0.01095455561676231,0.005121472648570332,0.006987152203002706,0.003095151494158226,0.0073353314405888,M
0.011353360450772891,0.020737953470424935,0.02133447713570996,0.02625225120360066,0.037476567053279536,0.04818946334113994,0.06362537730323023,0.06330933845552156,0.1535658443413146,0.1871137825771899,0.19538249398218552,0.1699090266951247,0.14170909791625394,0.1251439332193949,0.09938643417831958,0.22220536535230845,0.40527341966390024,0.468402954015369,0.5196433962433639,0.6642271986607832,0.7625193526898546,0.7480485905365296,0.7190283037330332,0.7523468437347298,0.8217742160394654,0.8503620457378542,0.7467765176906155,0.5772681590296418,0.5231578538215667,0.5465221440018099,0.49245007402127416,0.3758378801854049,0.36372229200502865,0.42646503261164354,0.46775361660979614,0.5049759087792594,0.5009247810870637,0.34301936994590276,0.21896303902821715,0.20478887389325795,0.20059270763398476,0.14534838512017595,0.07084982132909214,0.06593175260938838,0.09453607274343577,0.11285437864371069,0.06593361359913445,0.048245613745847814,0.030338919960639074,0.013163901364246859,0.005998933956840623,0.005928351800951061,0.008610634634153982,0.0031728672878830037,0.006671080980739407,0.00480001403580454,0.005902907016269457,0.003182501977714159,0.00867217755156065,0.0057729345425373245,R
0.0352,0.0116,0.0191,0.0469,0.0737,0.1185,0.1683,0.1541,0.1466,0.2912,,0.2237,0.247,0.156,0.3491,0.3308,0.2299,0.2203,0.2493,0.4128,0.3158,0.6191,0.5854,0.3395,0.2561,0.5599,0.8145,0.6941,0.6985,0.866,0.593,0.3664,0.675,0.8697,0.7837,0.7552,0.5789,0.4713,0.1252,0.6087,0.7322,0.5977,0.3431,0.1803,0.2378,0.3424,0.2303,0.0689,0.0216,0.0469,0.0426,0.0346,0.0158,0.0154,0.0109,0.0048,0.0095,0.0015,0.0073,0.0067,R
0.025293217293168847,0.052457067834920316,0.02471929807771717,0.06427746142320753,0.06576946650317739,0.04458264302671865,0.0917849783288977,0.11056553386126984,0.14443188522641576,0.13100925111107284,0.17929975098353632,0.1971955652556821,0.1741108147889669,0.26533169360141967,0.357422435677659,0.4409210459892919,0.28736338623963786,0.3434244347971508,0.4147607624586379,0.582075470965836,0.7821516316404544,0.9326007506525804,0.8881660837834807,0.7803167058331958,0.7390326294379387,0.7075807245545153,0.6935529990275799,0.7235389718488658,0.5561822615909319,0.33087855092346125,0.23394124919941994,0.3029254504599498,0.2658995620933987,0.3211690068664235,0.25944388730170354,0.1710396774869989,0.18114792177852423,0.2529928747609974,0.2298429648562876,0.2366784944920494,0.3469905743052807,0.22168536704830386,0.11571377073125208,0.1279327081454008,0.21626393728897841,0.27065653252847,0.2102485552854338,0.09961641844279108,0.0744779964955204,0.03312844224197333,0.016017799079977305,0.003448872276394654,0.007072040957853126,0.01639365502934089,0.010786798681452945,0.011381612900346855,0.004483894899028567,0.007199939768101946,0.007320006452889323,0.007767965396760854,M
0.059561928717478556,0.11096938157393435,0.14500013092128794,0.20313090994564015,0.18390162767099238,0.11940667156750809,0.14492435529571193,0.17592855427284582,0.14988767787973956,0.09779773760854926,0.24766973225068353,0.2519516223875653,0.2250174223485699,0.35583037257050515,0.4239670311443148,0.4939262342453269,0.4558707623313492,0.4133324284289125,0.41475664461805833,0.3083733867072598,0.23893103790183293,0.1427371216372813,0.3164197097567674,0.5736268587390053,0.4188447545647568,0.35688921537183493,0.494734312249051,0.5479394816286272,0.48020875526236984,0.42605796849778055,0.37468350546444074,0.33603676720644715,0.32398607882555364,0.3085270047308152,0.23898563041567805,0.2761951069795725,0.20126374933829136,0.2595062429288118,0.34465321478555394,0.38849096988635035,0.3173965617533669,0.2897000086429892,0.22127468939780656,0.19478165392087488,0.23474097184080356,0.19493021372531938,0.12339648248973586,0.11905866927965972,0.06533851119747207,0.01673882690695863,0.010700836249362553,0.025204853581205135,0.019128449471939535,0.015896450284256874,0.024864448224850667,0.006134702943339126,0.019278106259405518,0.019089887226795926,0.01867715932408441,0.014311052964161344,M
0.04875082210435406,0.053066451473284246,0.01250760505725354,0.0448157205545724,0.04222741060570401,0.07197176663337043,0.16999526270907747,0.1942198380776305,0.293975553592522,0.3561368420433245,0.34189228756980444,0.21234926462368406,0.16355791525051638,0.21707816043693026,0.4313535141332421,0.5773876949556529,0.4954321913532853,0.5304965716294544,0.6777259040912894,0.7794130815090782,0.7661446158517319,0.6320256023128467,0.5652393159779334,0.3711696794967983,0.20150297794209507,0.29727975231443265,0.4740948345242974,0.7621583504662985,0.7753090511630422,0.7425384198771066,0.4652633477539786,0.467415062868047,0.546976332812311,0.5405869368789652,0.5507325467356067,0.4946170306149706,0.5253441975882337,0.6286927781248663,0.5454691515533057,0.3851338972950774,0.155268148484465,0.17208847608122266,0.29438740444773326,0.30520604406746504,0.2197985872953227,0.21244010678559067,0.14632271926537313,0.06848356247056156,0.05147378823631757,0.022308993607140486,0.013429496837987193,0.017380433097548848,0.009506334584356539,0.012024122086647448,0.014283396963134149,0.0052750953833406704,0.00488466740814166,0.008649776784853192,0.005015770034447304,0.008572762033776764,M
0.01,0.0171,0.0623,0.0205,0.0205,0.0368,0.1098,0.1276,0.0598,0.1264,0.0881,0.1992,0.0184,0.2261,0.1729,0.2131,0.0693,0.2281,0.406,0.3973,0.2741,0.369,0.5556,0.4846,0.314,0.5334,0.5256,0.252,0.209,0.3559,0.626,0.734,0.612,0.3497,0.3953,0.3012,0.5408,0.8814,0.9857,0.9167,0.6121,0.5006,0.321,0.3202,0.4295,0.3654,0.2655,0.1576,0.0681,0.0294,0.0241,0.0121,0.0036,0.015,0.0085,0.0073,0.005,0.0044,0.004,0.0117,R
0.027,0.0092,0.0145,0.0278,0.0412,0.0757,0.1026,0.1138,0.0794,0.152,0.1675,0.137,0.1361,0.1345,0.2144,0.5354,0.683,0.56,0.3093,0.3226,0.443,0.5573,0.5782,0.6173,0.8132,0.9819,0.9823,0.9166,0.7423,0.7736,0.8473,0.7352,0.6671,0.6083,0.6239,0.5972,0.5715,0.5242,0.2924,0.1536,0.2003,0.2031,0.2207,0.1778,0.1353,0.1373,0.0749,0.0472,0.0325,0.0179,0.0045,0.0084,0.001,0.0018,0.0068,0.0039,0.012,0.0132,0.007,0.0088,R
0.033979217054338894,0.04082249553979617,0.05476902250928772,0.046884142324743146,0.1015866924529483,0.12509320151231465,0.14160951967992394,0.07442824165809515,0.11765955042833025,0.11241303514208108,0.160371801785192,0.2691595759877463,0.30033300420789444,0.3094157966334016,0.3151283022749558,0.3924929228716283,0.47442185617752897,0.5212217245120513,0.5424529481628835,0.5950412388378792,0.5379496334816107,0.5744853090743977,0.685378771932456,0.8043155119673508,0.7956102449596342,0.6699189563954349,0.589941676739731,0.548019777730237,0.5118480066458119,0.5006607498634944,0.5728102330350953,0.6284239657693933,0.6072362665854101,0.5668907478785014,0.5719281324340323,0.5533264089114875,0.5255791485367799,0.49909323231334113,0.48238787425000107,0.5112478753970336,0.4495057637154752,0.3775452401427788,0.34789649313273985,0.37267176762367876,0.3247987022420957,0.26558541761741566,0.1809566208412653,0.11650657752106981,0.06950497329974943,0.023005676401329386,0.010276830664944154,0.013782907367260575,0.01311236151002207,0.008825679085650209,0.007477507044595716,0.011625897913548873,0.008689906066573265,0.006104230015572834,0.008900852284581992,0.004434668085032049,M
0.013,0.0006,0.0088,0.0456,0.0525,0.0778,0.0931,0.0941,0.1711,0.1483,0.1532,0.11,0.089,0.1236,0.1197,0.1145,0.2137,0.2838,0.364,0.543,0.6673,0.7979,0.9273,0.9027,0.9192,1.0,0.9821,0.9092,0.8184,0.6962,0.59,0.5447,0.5142,0.5389,0.5531,0.5318,0.4826,0.379,0.1831,0.175,0.1679,0.0674,0.0609,0.0375,0.0533,0.0278,0.0179,0.0114,0.0073,0.0116,0.0092,0.0078,0.0041,0.0013,0.0011,0.0045,0.0039,0.0022,0.0023,0.0016,R
0.005,0.0017,0.027,0.045,0.0958,0.083,0.0879,0.122,0.1977,0.2282,0.2521,0.3484,0.3309,0.2614,0.1782,0.2055,0.2298,0.3545,0.6218,0.7265,0.8346,0.8268,0.8366,0.9408,0.951,0.9801,0.9974,1.0,0.9036,0.6409,0.3857,0.2908,0.204,0.1653,0.1769,0.114,0.074,0.0941,0.0621,0.0426,0.0572,0.1068,0.1909,0.2229,0.2203,0.2265,0.1766,0.1097,0.0558,0.0142,0.0281,0.0165,0.0056,0.001,0.0027,0.0062,0.0024,0.0063,0.0017,0.0028,M
0.016513081801126577,0.02770138213807688,0.044467877113444375,0.04431639219465782,0.03398349838808638,0.05003159529251113,0.048250771661329225,0.12534741249777867,0.23218376640560437,0.3138265942311186,0.3183396028476966,0.21221449117720254,0.21913999624712255,0.30259274408207254,0.3669748525575948,0.5545684433271613,0.7178510487453992,0.6839150114767109,0.6353047632624688,0.6447137393941622,0.7104322192544303,0.7651525076080882,0.6969605295333529,0.8085083967619825,0.7619541168165398,0.7053561397644404,0.5802998008505525,0.3768467740662004,0.3449420382304568,0.47105443778845896,0.4313021314215434,0.1898010428117398,0.20504857385615127,0.2277116201531009,0.4275919080473115,0.5797779251453815,0.6017442198336613,0.2866369025084354,0.23652975769482318,0.3521735778173198,0.3374622842419545,0.2969545683716332,0.15577124851565394,0.11264459145745566,0.15796200314437814,0.1939531515294772,0.14488450220494656,0.1147547140908367,0.07503971280416882,0.021899713318085826,0.01766233521936974,0.00872242377580724,0.007204608540974239,0.006364146597457465,0.009518689177097804,0.0038927861064229335,0.012463634887352845,0.004240719440136733,0.009783184919112696,0.007216926468538536,R
0.0067,0.0096,0.0024,0.0058,0.0197,0.0618,0.0432,0.0951,0.0836,0.118,0.0978,0.0909,0.0656,0.0593,0.0832,0.1297,0.2038,0.3811,0.4451,0.5224,0.5911,0.6566,0.6308,0.5998,0.4958,0.5647,0.6906,0.8513,1.0,0.9166,0.7676,0.6177,0.5468,0.5516,0.5463,0.5515,0.4561,0.3466,0.3384,0.2853,0.2502,0.1641,0.1605,0.1491,0.1326,0.0687,0.0602,0.0561,0.0306,0.0154,0.0029,0.0048,0.0023,0.002,0.004,0.0019,0.0034,0.0034,0.0051,0.0031,R
0.0164104637893764,0.0032886377371397074,0.035215695118804256,0.03623878679685879,0.04361805515898243,0.08036225084146661,0.09866169007458797,0.11905881357704709,0.11753522747360506,0.11287316562778764,0.14881598861811662,0.23044166091027912,0.219310914540757,0.19843581916496308,0.07909227501921509,0.13694445452937767,0.24467822012572582,0.35668983096071816,0.38432331151696253,0.563763265098131,0.6624132105848438,0.7997234048855746,0.9073800263339231,0.8862038864422888,0.920794468485499,0.8852261813423065,0.7909362026252841,0.7049035974537803,0.648296701087392,0.5749127963046907,0.5162766608459302,0.4707098506371854,0.5028554118303658,0.5249625583535511,0.549691411370066,0.5283161181840558,0.46614856538886346,0.30695638949628684,0.17291735325989807,0.24922274668933164,0.2618952511774771,0.2753698174774183,0.26477692783262474,0.15289232523353527,0.08639597809769736,0.07916384245434507,0.05094160765443464,0.052983453997811854,0.02624429996966568,0.008441513195397198,,0.006656464294254083,0.010180949347136052,0.010688526702733991,0.00947929167063972,0.008255952912006984,0.005537651014765013,0.002526379410065756,0.004207631399206204,0.007624621497832393,R
0.017098997789958423,0.013091225094771135,0.022746147149424002,0.05514733348349947,0.09165198238790116,0.11010934530781788,0.11087985320943855,0.10780151976320146,0.16498583079423296,0.2220406909593517,0.25241455983860844,0.3103791576764424,0.3046425550755285,0.3042841641944229,0.2867118455042565,0.31882487415472116,0.31738021348818557,0.4237094357751212,0.5797858166781452,0.7110331561008442,0.8219833877949445,0.8409835126949697,0.8076602884922314,0.8935251479194378,0.9599919178485112,0.9710106689789731,0.9484303057522298,0.8770537767958335,0.8142192315077547,0.6488038790764324,0.4506197420792801,0.2981711787668226,0.27735514138883105,0.1585947754175946,0.11222868841537346,0.07218132995663872,0.1344060247855225,0.1819751754488018,0.21554536543372013,0.2360442375751361,0.17073195263622556,0.23023445415944813,0.2664694441132189,0.23878610866947697,0.22190166851763946,0.1816130867700638,0.1472018793426047,0.10168891972822676,0.057852144580178295,0.02562013031904876,0.01989055778878507,0.011516861917074663,0.01261546544073529,0.007163316807784952,0.004144494673462523,0.005377959161518595,0.005476457845743866,0.00301258591477383,0.0038426667940688565,0.0030360001062576182,M
0.011648221620141105,0.0470614394466201,0.048672460488686654,0.057005769209858115,0.12431930071821569,0.1641071913006837,0.1480380020912878,0.16260135733081038,0.11174697386046378,0.14731320900676875,0.24615393461310245,0.36979986110061336,0.30311856505124274,0.2969242012858572,0.2758769944211118,0.3245871436909567,0.41461778027854346,0.5528102174430654,0.479920006300476,0.67883625379979,0.761234639124123,0.8006043844530628,0.7692083950132438,0.7634795211185713,0.9204998209856463,0.9144556125160667,0.7156359004123282,0.5658129739442852,0.5674315703575085,0.5848775048522241,0.5752321526945892,0.4870554087914619,0.5508892290543027,0.5169218628105787,0.47514503458338836,0.49461701816398373,0.4237549027797322,0.23594038448604926,0.07809357438630822,0.29092761003286244,0.29764810406344155,0.4234720440047355,0.3495628655217686,0.20772181723096572,0.17548198586469838,0.15983528341049952,0.11415481114880253,0.0974173721929352,0.04372521028522185,0.010918127037952056,0.008377173509825536,0.0051986997248002886,0.009343732411490245,0.007475077911883136,0.010965509471410768,0.006517072843650353,0.007708977013280465,0.005686434487184842,0.0036707460788836547,0.01042119579802418,R
0.0968,0.0821,0.0629,0.0608,0.0617,0.1207,0.0944,0.4223,0.5744,0.5025,0.3488,0.17,0.2076,0.3087,0.4224,0.5312,0.2436,0.1884,0.1908,0.8321,1.0,0.4076,0.096,0.1928,0.2419,0.379,0.2893,0.3451,0.3777,0.5213,0.2316,0.3335,0.4781,0.6116,0.6705,0.7375,0.7356,0.7792,0.6788,0.5259,0.2762,0.1545,0.2019,0.2231,0.4221,0.3067,0.1329,0.1349,0.1057,0.0499,0.0206,0.0073,0.0081,0.0303,0.019,0.0212,0.0126,0.0201,0.021,0.0041,M
0.0392,0.0108,0.0267,0.0257,0.041,0.0491,0.1053,0.169,0.2105,0.2471,0.268,0.3049,0.2863,0.2294,0.1165,0.2127,0.2062,0.2222,0.3241,0.433,0.5071,0.5944,0.7078,0.7641,0.8878,0.9711,0.988,0.9812,0.9464,0.8542,0.6457,0.3397,0.3828,0.3204,0.1331,0.044,0.1234,0.203,0.1652,0.1043,0.1066,0.211,0.2417,0.1631,0.0769,0.0723,0.0912,0.0812,0.0496,0.0101,0.0089,0.0083,0.008,0.0026,0.0079,0.0042,0.0071,0.0044,0.0022,0.0014,M
0.0202569464584297,,0.01771589378679655,0.01809564994879788,0.03755259988232649,0.09332474722789981,0.13924837846680135,0.11937980203308192,0.23486394338154454,0.28715811707405464,0.36419262394922647,0.41413453323965943,0.4126201007951913,0.3562513667710359,0.2559190134628255,0.23044193904325133,0.24341994509194007,0.2919824190881091,0.39471724420050014,0.5136257770441606,0.5409650630048034,0.5908686763975014,0.6347732477244477,0.7034025598914976,0.7925905353102435,0.8901281288152885,0.9366615869824031,0.8693779736318517,0.6980235497895919,0.5297404661273828,0.4298733466229202,0.4809796641491165,0.4751736667282272,0.34635938839903163,0.12224988987683116,0.21564652780196508,0.29100720420257487,0.23032294549329962,0.23225375775312218,0.26377439297146105,0.16932001119744086,0.3070590146515528,0.3635602589610207,0.31408181462967305,0.3021858010472753,0.19024287108467192,0.13958148937462322,0.08955847655894589,0.038656494065457056,0.011225550032104323,0.011520566906192168,0.007614501782037034,0.010316845227116511,0.008510073916163466,0.001983953991509361,0.004888969600550373,0.0018247629099241405,0.0034572032152886253,0.007044206943975487,0.003077178242376123,M
0.0151,0.032,0.0599,0.105,0.1163,0.1734,0.1679,0.1119,0.0889,0.1205,0.0847,0.1518,0.2305,0.2793,0.3404,0.4527,0.695,0.8807,0.9154,0.7542,0.6736,0.7146,0.8335,0.7701,0.6993,0.6543,0.504,0.4926,0.4992,0.4161,0.1631,0.0404,0.0637,0.2962,0.3609,0.1866,0.0476,0.1497,0.2405,0.198,0.3175,0.2379,0.1716,0.1559,0.1556,0.0422,0.0493,0.0476,0.0219,0.0059,0.0086,0.0061,0.0015,0.0084,0.0128,0.0054,0.0011,0.0019,0.0023,0.0062,R
0.0519,0.0548,0.0842,0.0319,0.1158,0.0922,0.1027,0.0613,0.1465,0.2838,0.2802,0.3086,0.2657,0.3801,0.5626,0.4376,0.2617,0.1199,0.6676,0.9402,0.7832,0.5352,0.6809,0.9174,0.7613,0.822,0.8872,0.6091,0.2967,0.1103,0.1318,0.0624,0.099,0.4006,0.3666,0.105,0.1915,0.393,0.4288,0.2546,0.1151,0.2196,0.1879,0.1437,0.2146,0.236,0.1125,0.0254,0.0285,0.0178,0.0052,0.0081,0.012,0.0045,0.0121,0.0097,0.0085,0.0047,0.0048,0.0053,R
0.09095358911145046,0.08769682534291172,0.10219610739546355,,0.15868071233593817,0.1705586871392577,0.19831449933917522,0.23066186361241192,0.24624009385723591,0.3688476906099691,0.527227184668237,0.5580501802236632,0.6280100965488747,0.5438941174500662,0.47668381318093894,0.5761791898225872,0.666475461856585,0.6603898317289048,0.7855046196624064,0.7709088052201574,0.841772628171566,0.8062708230489788,0.744123229207501,0.6939833532118023,0.5867980156149138,0.6738875103802683,0.6461375924758354,0.7328649335212352,0.5989559842273057,0.3978968353710739,0.28238600469038094,0.25791015323113087,0.27884608594988103,0.295239386816678,0.22602742707274162,0.19660553050339274,0.17660274889371805,0.32235720750919844,0.4584292162238142,0.33208085062878967,0.12660978755297944,0.2988317827894058,0.39504166046660266,0.30211184462076374,0.18956269520495267,0.09872837608681355,0.08622108414667722,0.10507140457277821,0.07589374372668017,0.028239918620931972,0.024244755547173504,0.013780635292353521,0.015906323141108705,0.026271765829762237,0.006954425251361896,0.005654314580562144,0.0030110926572176526,0.005804696869252295,0.01076278425079255,0.005287186856081414,M
0.0349419903503004,0.057698470942523346,0.04044497759409665,0.04945010945894496,0.06174199471823046,0.1599119141418958,0.12789796015794472,0.11938453247080406,0.12924962244320204,0.2166005391744377,0.2219095499287993,0.2875170839143391,0.28648249920040136,0.21403509038072785,0.25400015972521106,0.33595682058374465,0.39144571822159535,0.47143829468606385,0.6510403913316212,0.7279491814560858,0.802117481722301,0.7462680677014398,0.6724556363563841,0.7027894930606464,0.7902731268242257,0.8178107129498563,0.7556940382947621,0.6476310746802147,0.4095664109668531,0.16608878228058457,0.2392110234487162,0.5971400316424743,0.7211800268397844,0.7876363008524181,0.7978430129023153,0.775609939366737,0.6413645182498773,0.2968407650704458,0.34560982460822387,0.439875000547388,0.39353983812166343,0.4252102082540511,0.367853603391881,0.3989881647927009,0.19141382119808378,0.06951555142626324,0.0767162097622082,0.06857188439996002,0.04415534795023617,0.026023625802426825,0.011099086054517348,0.005176567365641543,0.01112725019006805,0.017771008507937225,0.007037439328153108,0.01896697397755539,0.019474287843557155,0.009799976911804748,0.007608286061781064,0.004842214205053004,R
0.0599,0.0474,0.0498,0.0387,0.1026,0.0773,0.0853,0.0447,0.1094,0.0351,0.1582,0.2023,0.2268,0.2829,0.3819,0.4665,0.6687,0.8647,0.9361,0.9367,0.9144,0.9162,0.9311,0.8604,0.7327,0.5763,0.4162,0.4113,0.4146,0.3149,0.2936,0.3169,0.3149,0.4132,0.3994,0.4195,0.4532,0.4419,0.4737,0.3431,0.3194,0.337,0.2493,0.265,0.1748,0.0932,0.053,0.0081,0.0342,0.0137,0.0028,0.0013,0.0005,0.0227,0.0209,0.0081,0.0117,0.0114,0.0112,0.01,M
0.0335,0.0134,0.0696,0.118,0.0348,0.118,0.1948,0.1607,0.3036,0.4372,0.5533,0.5771,0.7022,0.7067,0.7367,0.7391,0.8622,0.9458,0.8782,0.7913,0.576,0.3061,0.0563,0.0239,0.2554,0.4862,0.5027,0.4402,0.2847,0.1797,0.356,0.3522,0.3321,0.3112,0.3638,0.0754,0.1834,0.182,0.1815,0.1593,0.0576,0.0954,0.1086,0.0812,0.0784,0.0487,0.0439,0.0586,0.037,0.0185,0.0302,0.0244,0.0232,0.0093,0.0159,0.0193,0.0032,0.0377,0.0126,0.0156,M
0.0238,0.0318,0.0422,0.0399,0.0788,0.0766,0.0881,0.1143,0.1594,0.2048,0.2652,0.31,0.2381,0.1918,0.143,0.1735,0.1781,0.2852,0.5036,0.6166,0.7616,0.8125,0.7793,0.8788,0.8813,0.947,1.0,0.9739,0.8446,0.6151,0.4302,0.3165,0.2869,0.2017,0.1206,0.0271,0.058,0.1262,0.1072,0.1082,0.036,0.1197,0.2061,0.2054,0.1878,0.2047,0.1716,0.1069,0.0477,0.017,0.0186,0.0096,0.0071,0.0084,0.0038,0.0026,0.0028,0.0013,0.0035,0.006,M
0.0189,0.0308,0.0197,0.0622,0.008,0.0789,0.144,0.1451,0.1789,0.2522,0.2607,0.371,0.3906,0.2672,0.2716,0.4183,0.6988,0.5733,0.2226,0.2631,0.7473,0.7263,0.3393,0.2824,0.6053,0.5897,0.4967,0.8616,0.8339,0.4084,0.2268,0.1745,0.0507,0.1588,0.304,0.1369,0.1605,0.2061,0.0734,0.0202,0.1638,0.1583,0.183,0.1886,0.1008,0.0663,0.0183,0.0404,0.0108,0.0143,0.0091,0.0038,0.0096,0.0142,0.019,0.014,0.0099,0.0092,0.0052,0.0075,R
0.043,0.0902,0.0833,0.0813,0.0165,0.0277,0.0569,0.2057,0.3887,0.7106,0.7342,0.5033,0.3,0.1951,0.2767,0.3737,0.2507,0.2507,0.3292,0.4871,0.6527,0.8454,0.9739,1.0,0.6665,0.5323,0.4024,0.3444,0.4239,0.4182,0.4393,0.1162,0.4336,0.6553,0.6172,0.4373,0.4118,0.3641,0.4572,0.4367,0.2964,0.4312,0.4155,0.1824,0.1487,0.0138,0.1164,0.2052,0.1069,0.0199,0.0208,0.0176,0.0197,0.021,0.0141,0.0049,0.0027,0.0162,0.0059,0.0021,M
0.02606812464843168,0.030457436522977974,0.01975264819309192,0.03030240775435816,0.05741854991309289,0.09299712461138462,0.07535122359023572,0.06406814152350548,0.08729264871372655,0.13671635585771708,0.13957343639151223,0.17270186849507088,0.17541115955973863,0.18581398542976146,0.20440581036818806,0.23647494441256922,0.2294575089559802,0.2581133879483127,0.28225921852527147,0.3216595844260625,0.4018292385438047,0.4248537445315073,0.5089682021723824,0.6760472721142251,0.8911417652434281,0.9704115666768262,0.7936710406038148,0.6002147155160249,0.4674712286257881,0.2971536139289615,0.2723975660593268,0.26007604100602927,0.2988549716398041,0.32135454321951806,0.335891722235126,0.3224677225457865,0.1887826209413908,0.121703063589968,0.20334009567182157,0.3093154686946796,0.36402173949694416,0.3429664551866213,0.24280742558512106,0.1467415676351569,0.09755717118119708,0.08041217756488625,0.04895765142997187,0.02989098247646286,0.031436560311829155,0.01314479763498006,0.012256635733661347,0.007143430866343892,0.007847155781287946,0.010636594713875128,0.008333208401592053,0.008248208380831635,0.007219656755982022,0.003973938302701021,0.005443364243482292,0.003035645450484628,R
0.0363,0.0478,0.0298,0.021,0.1409,,0.1349,0.1613,0.1703,0.1444,0.1989,0.2154,0.2863,0.357,0.398,0.4359,0.5334,0.6304,0.6995,0.7435,0.8379,0.8641,0.9014,0.9432,0.9536,1.0,0.9547,0.9745,0.8962,0.7196,0.5462,0.3156,0.2525,0.1969,0.2189,0.1533,0.0711,0.1498,0.1755,0.2276,0.1322,0.1056,0.1973,0.1692,0.1881,0.1177,0.0779,0.0495,0.0492,0.0194,0.025,0.0115,0.019,0.0055,0.0096,0.005,0.0066,0.0114,0.0073,0.0033,M
0.02930348653097712,0.05197970483808802,0.03922956678022826,0.026829211458941717,0.032823698698225406,0.06352691578847176,0.0845018331160185,0.06095554939538077,0.028232562028545002,0.07600568774744786,0.08692987546668013,0.12862297071506595,0.18260659094639684,0.21574874167012106,0.17276010963123087,0.14165838765939906,0.17098184755998497,0.0723712144836558,0.1142543844992627,0.16419227871840816,0.14770275982529907,0.2384808041469135,0.16064175037067382,0.18767842656430614,0.39447227974860044,0.5793537842428953,0.628758060531781,0.6151692184818707,0.5893056929884299,0.6214394118059773,0.7459779114122244,0.7676899806869082,0.7569366347503469,0.7393552269297212,0.8707117342425558,0.9934465102553295,0.8877570861715375,0.7339487250318842,0.5709500316248175,0.44071169014235884,0.35807723988465207,0.32134457226339996,0.31051552100189805,0.28628674097312823,0.23440931319978847,0.16544506312458684,0.11761110846841612,0.10451844103381848,0.05587250659902143,0.008954873371067174,0.009597393501470637,0.01198655238837229,0.021863685517927,0.008860617613042254,0.015830654103992026,0.008857901932096268,0.0064723051797608774,0.01256058360547051,0.016472126354461495,0.0056175800676166775,R
0.0114,0.0222,0.0269,0.0384,0.1217,0.2062,0.1489,0.0929,0.135,0.1799,0.2486,0.2973,0.3672,0.4394,0.5258,0.6755,0.7402,0.8284,0.9033,0.9584,1.0,0.9982,0.8899,0.7493,0.6367,0.6744,0.7207,0.6821,0.5512,0.4789,0.3924,0.2533,0.1089,0.139,0.2551,0.3301,0.2818,0.2142,0.2266,0.2142,0.2354,0.2871,0.2596,0.1925,0.1256,0.1003,0.0951,0.121,0.0728,0.0174,0.0213,0.0269,0.0152,0.0257,0.0097,0.0041,0.005,0.0145,0.0103,0.0025,M
0.01890395159377112,0.02659067030777544,0.03697663745917856,0.015608436523147496,0.06926589013882943,0.09437212735029579,0.12377597836502381,0.0865755958154162,0.10819464457197177,0.11188590523343038,0.26413606123489997,0.2786608904372027,0.2763531124859007,0.32446417092309854,0.374987273200476,0.5015675921307143,0.6775213912386872,0.7005354814002819,0.6724907761119686,0.6669422024870617,0.7105159487471522,0.8152426728137042,0.7410987558488338,0.7503345820627868,0.8423545575514357,0.7904080161374549,0.6730089960134089,0.5547214955165253,0.6052233083359696,0.6678459362173301,0.5820252165205692,0.44386487569531075,0.3424891129277167,0.20686203376568352,0.09552337967495653,0.13183885479886887,0.19218128814891466,0.15917964055939157,0.08555251190574908,0.1519260232634974,0.15652776168271748,0.17293040530148743,0.1129660324533955,0.15082399596530643,0.10843836012844356,0.12473040958802867,0.139955370828605,0.10040425413856581,0.0325116795923757,0.021031226613512848,0.010226903569011214,0.005643666651938465,0.015389373853187917,0.012163076391143581,0.007936877948291177,0.008199261831743323,0.0033140412968068553,0.0032230401284192387,0.003201938276273301,0.005532667318871412,R
0.0202,0.0104,0.0325,0.0239,0.0807,0.1529,0.1154,0.0608,0.1317,0.137,0.0843,0.0269,0.1254,0.3046,0.5584,0.7973,0.8341,0.8057,0.8616,0.8769,0.9413,0.9403,0.9409,1.0,0.9725,0.9309,0.9351,0.7317,0.4421,0.3244,0.4161,0.4611,0.4031,0.3,0.2459,0.1348,0.2541,0.2255,0.1598,0.1485,0.0845,0.0569,0.0855,0.1262,0.1153,0.057,0.0426,0.0425,0.0235,0.0006,0.0188,0.0127,0.0081,0.0067,0.0043,0.0065,0.0049,0.0054,0.0073,0.0054,R
0.115,0.1163,0.0866,0.0358,0.0232,0.1267,0.2417,0.2661,0.4346,0.5378,0.3816,0.0991,0.0616,0.1795,0.3907,0.3602,0.3041,0.2428,0.406,0.8395,0.9777,0.468,0.061,0.2143,0.1348,0.2854,0.1617,0.2649,0.4565,0.6502,0.2848,0.3296,0.537,0.6627,0.8626,0.8547,0.7848,0.9016,0.8827,0.6086,0.281,0.0906,0.1177,0.2694,0.5214,0.4232,0.234,0.1928,0.1092,0.0507,0.0228,0.0099,0.0065,0.0085,0.0166,0.011,0.019,0.0141,0.0068,0.0086,M
0.03884672531436439,0.042658537831262264,0.057742704617933405,0.05972173883123576,0.0911370083093015,0.1332735351643031,0.16051211047965672,0.09570074505501788,0.11529039588654853,0.12069346842365189,0.20802267641487826,0.2949384137024477,0.3071641391798221,0.2949366393484461,0.32980269312071925,0.42987606396157274,0.4931020357548311,0.5774318503953525,0.6797200672681714,0.7982741943646071,0.8250515933130568,0.7773966939482362,0.8391321877506996,0.9207718169775606,0.8648532304723497,0.7338792934799233,0.6357771112793763,0.6208531396908283,0.5471066214267046,0.4078115943064418,0.3603047928822967,0.3583044397299813,0.35332386583614656,0.3402182269047129,0.3332984449613382,0.2691573227750695,0.2728921452047252,0.291962440223351,0.27832292939599124,0.29623342960789995,0.2477424586482697,0.24006962037164545,0.2330977303547122,0.23978556822704575,0.20083591742417065,0.19018796345717476,0.12838816086338703,0.07618321822262113,0.04728469413808968,0.012559105949912426,0.006137172630036059,0.013432734198021093,0.011759661165517101,0.0065599890440027845,0.00612701576503388,0.0092289685575573,0.006970866846361831,0.005851156508056815,0.006689601116773733,0.004214364777600472,M
0.02483554681571651,0.03889177753278282,0.05412188665118318,0.055657720505995094,0.0961473315882944,0.12473499543152688,0.10020628845422086,0.10614191166204043,0.14822478902241593,0.17450394069834327,0.16227045740143708,0.07305094745721055,0.08775172152329445,0.18404012751948812,0.21949048959489167,0.25568704751075555,0.2888704070727813,0.3097357596841744,0.2890879740254728,0.40505488018914587,0.6135455033847156,0.7288653293056819,0.774885766846193,0.691108521614958,0.707535304498865,0.8383421674422277,0.7793721014042135,0.7112389678686704,0.6107921277743533,0.5509607685998072,0.6226748959334616,0.6351556351193844,0.4965858218316989,0.47684724573885934,0.5368876783223218,0.6165745482041076,0.6240056678550808,0.4950310759006301,0.4401006412753914,0.4196372789183776,0.3341458687934928,0.18452228194126574,0.15474248225257595,0.16522611226382708,0.12518858712618058,0.08905403840447397,0.06760969147322021,0.05155264584809806,0.02865787861036487,0.011131367500084585,0.0076947724509135226,0.009927406060184081,0.01135605172971017,0.010665534841213228,0.011283991215891118,0.0128243791004974,0.00616716671723523,,0.001484844116204427,0.004790170840444202,R
0.0203,0.0121,0.038,0.0128,0.0537,0.0874,0.1021,0.0852,0.1136,0.1747,0.2198,0.2721,0.2105,0.1727,0.204,0.1786,0.1318,0.226,0.2358,0.3107,0.3906,0.3631,0.4809,0.6531,0.7812,0.8395,0.918,0.9769,0.8937,0.7022,0.65,0.5069,0.3903,0.3009,0.1565,0.0985,0.22,0.2243,0.2736,0.2152,0.2438,0.3154,0.2112,0.0991,0.0594,0.194,0.1937,0.1082,0.0336,0.0177,0.0209,0.0134,0.0094,0.0047,0.0045,0.0042,0.0028,0.0036,0.0013,0.0016,M
0.007552580590540944,0.02204338004282418,0.039044306262294236,0.04429380931759193,0.0439112424056379,0.06954664641886536,0.04790201134881585,0.10008589319155262,0.15932341317410914,0.18848335712278136,0.12137384918384635,0.10219658038484108,0.17944618285331168,0.21360425555000861,0.2530020481967191,0.20310971290565485,0.15873344824672894,0.21272983506428714,0.29585987301284994,0.3681141517103457,0.42510165734961736,0.5803409051020458,0.7650844450935856,0.8284019034166468,0.752766185505409,0.7743831924473027,0.8387296174659957,0.9108749284790981,0.9800342564911293,0.8910428135799063,0.808205359203418,0.7252234044069961,0.6727761929126077,0.624555206412174,0.5726831030321275,0.5634038548290552,0.43230411728852464,0.31557060309598195,0.2524090547661211,0.15499550449276323,0.13952348348462745,0.14412648424842084,0.18013631943616193,0.13372592303903832,0.022704650221063757,0.023078181498494426,0.028238634067301184,0.03739315020769846,0.009558286693199459,0.015547826451280987,0.012837521399462652,0.01254126557292807,0.011307266234269737,0.0039929611667943845,0.003146702260317625,0.005103376768736971,0.004805319396936061,,0.011628620989062251,0.0069839306926484605,R
0.010776732031946967,0.019157935010628162,0.015458284948332603,0.017583367667379515,0.028618151880840267,0.0779401584575705,0.07877306305844894,0.05053191751366415,0.1255405296789157,0.13708691334718806,0.16187109644431755,0.1564403538113285,0.15193698936933475,0.12226052834220445,0.15497524523290337,0.3244056296446537,0.4456746243103279,0.4929700106004709,0.5496655905535647,0.5991120564177123,0.6305217774453612,0.5463509718018394,0.413240821052797,0.48399226769640896,0.5294293222597898,0.5746693126702183,0.6389177039909607,0.6876460934548049,0.7374313255293967,0.732207170899971,0.6766209990026347,0.5714727198977665,0.557903103312058,0.5198813736342632,0.5110050044250949,0.552720137000325,0.5378037268711815,0.3539135302197487,0.2056464864074902,0.1276515440095047,0.11082006425379523,0.19111716711509175,0.20729745406391517,0.2201698801764686,0.20124044183483825,0.17602285354565878,0.10914189417993651,0.10796450810218745,0.06601556616890532,0.019284710912799794,0.011181904116039138,0.00887226920336331,0.004536413908078097,0.006793636474366109,0.0071732422624868316,0.00349446636697162,0.005808543712565354,0.0031637238190756587,0.0076439834761464,0.004697556098456018,R
0.036520784848117424,0.04101461134724371,0.046924328824560005,,0.07231740566225651,0.1515876339066793,0.20841350347956716,0.18618587152557864,0.17390399101163997,0.3285703405416833,0.3761339730112209,0.39348967366937687,0.43468430786330203,0.45080800018739475,0.4627198883541553,0.5329258266285365,0.5811927689924672,0.6511120512620958,0.760332988205848,0.7767805834956389,0.8833726550466405,0.8289582510429244,0.7652116828011866,0.8116058385602283,0.7402225294761207,0.7060397408155926,0.6641498904716944,0.5614241002967342,0.486700829207513,0.38748279029826005,0.2473338683597182,0.16074567202922646,0.29098509430287767,0.3679837890381374,0.33947385808384917,0.40330115727949134,0.30619173699772806,0.36164388039161177,0.45785681897434827,0.3735430741260999,0.3274845782435285,0.40443023670822587,0.344975594494919,0.34846346196049977,0.27570768851340444,0.054383701900290245,0.09264255286589097,0.09625100667610945,0.04802485902688972,0.01423215203157429,0.026300832230327708,0.008767518812901696,0.015595206918003379,0.012265451717188184,0.006394987248080635,0.012487966430383999,0.010876431237752712,0.006070051259064632,0.018198998477129896,0.015046361025341274,M
0.0187,0.0346,0.0168,0.0177,0.0393,0.163,0.2028,0.1694,0.2328,0.2684,0.3108,0.2933,0.2275,0.0994,0.1801,0.22,0.2732,0.2862,0.2034,0.174,0.413,0.6879,0.812,0.8453,0.8919,0.93,0.9987,1.0,0.8104,0.6199,0.6041,0.5547,0.416,0.1472,0.0849,0.0608,0.0969,0.1411,0.1676,0.12,0.1201,0.1036,0.1977,0.1339,0.0902,0.1085,0.1521,0.1363,0.0858,0.029,0.0203,0.0116,0.0098,0.0199,0.0033,0.0101,0.0065,0.0115,0.0193,0.0157,M
0.0712,0.0901,0.1276,0.1497,0.1284,0.1165,0.1285,0.1684,0.183,0.2127,0.2891,0.3985,0.4576,0.5821,0.5027,0.193,0.2579,0.3177,0.2745,0.6186,0.8958,0.7442,0.5188,0.2811,0.1773,0.6607,0.7576,0.5122,0.4701,0.5479,0.4347,0.1276,0.0846,0.0927,0.0313,0.0998,0.1781,0.1586,0.3001,0.2208,0.1455,0.2895,0.3203,0.1414,0.0629,0.0734,0.0805,0.0608,0.0565,0.0286,0.0154,0.0154,0.0156,0.0054,0.003,0.0048,0.0087,0.0101,0.0095,0.0068,M
0.0329,0.0216,0.0386,0.0627,0.1158,0.1482,0.2054,0.1605,0.2532,0.2672,0.3056,0.3161,0.2314,0.2067,0.1804,0.2808,0.4423,0.5947,0.6601,0.5844,0.4539,0.4789,0.5646,0.5281,0.7115,1.0,0.9564,0.609,0.5112,0.4,0.0482,0.1852,0.2186,0.1436,0.1757,0.1428,0.1644,0.3089,0.3648,0.4441,0.3859,0.2813,0.1238,0.0953,0.1201,0.0825,0.0618,0.0141,0.0108,0.0124,0.0104,0.0095,0.0151,0.0059,0.0015,0.0053,0.0016,0.0042,0.0053,0.0074,M
0.0264,0.0071,0.0342,0.0793,0.1043,0.0783,0.1417,0.1176,0.0453,0.0945,0.1132,0.084,0.0717,0.1968,0.2633,0.4191,0.505,0.6711,0.7922,0.8381,0.8759,0.9422,1.0,0.9931,0.9575,0.8647,0.7215,0.5801,0.4964,0.4886,0.4079,0.2443,0.1768,0.2472,0.3518,0.3762,0.2909,0.2311,0.3168,0.3554,0.3741,0.4443,0.3261,0.1963,0.0864,0.1688,0.1991,0.1217,0.0628,0.0323,0.0253,0.0214,0.0262,0.0177,0.0037,0.0068,0.0121,0.0077,0.0078,0.0066,M
0.0294,0.0123,0.0117,0.0113,0.0497,0.0998,0.1326,0.1117,0.2984,0.3473,0.4231,0.5044,0.5237,0.4398,0.3236,0.2956,0.3286,0.3231,0.4528,0.6339,0.7044,0.8314,0.8449,0.8512,0.9138,0.9985,1.0,0.7544,0.4661,0.3924,0.3849,0.4674,0.4245,0.3095,0.0752,0.2885,0.4072,0.317,0.2863,0.2634,0.0541,0.1874,0.3459,0.4646,0.4366,0.2581,0.1319,0.0505,0.0112,0.0059,0.0041,0.0056,0.0104,0.0079,0.0014,0.0054,0.0015,0.0006,0.0081,0.0043,M
0.026579824206259012,0.03088770092615371,0.047461786352353506,0.05773199256053004,0.05342046816968195,0.10011412610459265,0.11096748321774426,0.08618800304808515,0.12248781377802152,0.16117538538037063,0.2556173639642036,0.30947261931398357,0.24958202329982612,0.1239567800467632,0.15093117738871636,0.22415022311389587,0.25928930275670525,0.2502977692729615,0.27470735510026517,0.2874548136566024,0.4196194128053495,0.5691827873392784,0.7167623812801655,0.8228360562443204,0.8426075569415601,0.8562662091540877,0.908520339762278,0.9230519644279752,0.8102617007231869,0.7864908960401334,0.7328109811467598,0.6406415488905526,0.4445993908439132,0.2799043059639394,0.1736674120485749,0.11172329184969818,0.19966861873230723,0.23791659559691872,0.18235865362304102,0.170799342771816,0.2793490761964165,0.12170110778669929,0.16912570077079273,0.2266280464191027,0.14708436829382127,0.048235917933093606,0.06594057875194315,0.11267517097733006,0.07142781200973956,0.017285536400138204,0.013105404571282444,0.013991025941536003,0.011264815740309022,0.01721863002878698,0.011295805437320732,0.011183423016234045,0.00648589298460409,0.005683262488053673,0.006906218301581458,0.008558540648439009,M
0.0233,0.0394,0.0416,0.0547,0.0993,0.1515,0.1674,0.1513,0.1723,0.2078,0.1239,0.0236,0.1771,0.3115,0.499,0.6707,0.7655,0.8485,0.9805,1.0,1.0,0.9992,0.9067,0.6803,0.5103,0.4716,0.498,0.6196,0.7171,0.6316,0.3554,0.2897,0.4316,0.3791,0.2421,0.0944,0.0351,0.0844,0.0436,0.113,0.2045,0.1937,0.0834,0.1502,0.1675,0.1058,0.1111,0.0849,0.0596,0.0201,0.0071,0.0104,0.0062,0.0026,0.0025,0.0061,0.0038,0.0101,0.0078,0.0006,M
0.06193587774235841,0.06380682662695332,0.05960154200940176,0.06853647805915124,0.06457047710240786,0.10461009146978272,0.10579430825550445,0.35259217708150414,0.37057717530275497,0.2893567714614594,0.29502203274652644,0.2101206132752888,0.19353032630517494,0.33551034337236557,0.432191335133096,0.5399232147540551,0.3398070378450145,0.2743048170784196,0.2619388001243732,0.5780546767366869,0.6586595747988758,0.2693687386223093,0.1694727304292165,0.3353270978503625,0.30546478607024413,0.3967234746061319,0.39865887003506306,0.41563461205718666,0.4119686034194779,0.4796498002833042,0.30006055605018356,0.3587348839938335,0.4743737243962611,0.5172591017091156,0.46732425301627123,0.48255046432123627,0.45369789898547974,0.52245732661232,0.5211640780865677,0.45635211792804664,0.2782220360681667,0.22027571382900188,0.22732288207811158,0.21086736519666394,0.3257709893452107,0.2433277644741002,0.11285934107979313,0.12125770502521795,0.08642665468402289,0.034246147432024386,0.015051869689339812,0.012690855471104616,0.012564828039808658,0.024003822193425547,0.023250881383411488,0.015639764893587392,0.01761064242750504,0.021029489273964252,0.020260593417235663,0.006744801934299906,M
0.0217,0.034,0.0392,0.0236,0.1081,0.1164,0.1398,0.1009,0.1147,0.1777,0.4079,0.4113,0.3973,0.5078,0.6509,0.8073,0.9819,1.0,0.9407,0.8452,0.8106,0.846,0.6212,0.5815,0.7745,0.8204,0.5601,0.2989,0.5009,0.6628,0.5753,0.4055,0.3746,0.3481,0.158,0.1422,0.213,0.1866,0.1003,0.2396,0.2241,0.2029,0.071,0.1606,0.1669,0.17,0.1829,0.1403,0.0506,0.0224,0.0095,0.0031,0.0103,0.0078,0.0077,0.0094,0.0031,0.003,0.0013,0.0069,R
0.018,0.0444,0.0476,0.0698,0.1615,0.0887,0.0596,0.1071,0.3175,0.2918,0.3273,0.3035,0.3033,0.2587,0.1682,0.1308,0.2803,0.4519,0.6641,0.7683,0.696,0.4393,0.2432,0.2886,0.4974,0.8172,1.0,0.9238,0.8519,0.7722,0.5772,0.519,0.6824,0.622,0.5054,0.3578,0.3809,0.3813,0.3359,0.2771,0.3648,0.3834,0.3453,0.2096,0.1031,0.0798,0.0701,0.0526,0.0241,0.0117,0.0122,0.0122,0.0114,0.0098,0.0027,0.0025,0.0026,0.005,0.0073,0.0022,M
0.0201,0.0165,0.0344,0.033,0.0397,0.0443,0.0684,0.0903,0.1739,0.2571,0.2931,0.3108,0.3603,0.3002,0.2718,0.2007,0.1801,0.2234,0.3568,0.5492,0.7209,0.8318,0.8864,0.952,0.9637,1.0,0.9673,0.8664,0.7896,0.6345,0.5351,0.4056,0.2563,0.2894,0.3588,0.4296,0.4773,0.4516,0.3765,0.3051,0.1921,0.1184,0.1984,0.157,0.066,0.1294,0.0797,0.0052,0.0233,0.0152,0.0125,0.0054,0.0057,0.0137,0.0109,0.0035,0.0056,0.0105,0.0082,0.0036,M
0.0109,0.0093,0.0121,0.0378,0.0679,0.0863,0.1004,0.0664,0.0941,0.1036,0.0972,0.0501,0.1546,0.3404,0.4804,0.657,0.7738,0.7827,0.8152,0.8129,0.8297,0.8535,0.887,0.8894,0.898,0.9667,1.0,0.9134,0.6762,0.4659,0.2895,0.2959,0.1746,0.2112,0.2569,0.2276,0.2149,0.1601,0.0371,0.0117,0.0488,0.0288,0.0597,0.0431,0.0369,0.0025,0.0327,0.0257,0.0182,0.0108,0.0124,0.0077,0.0023,0.0117,0.0053,0.0077,0.0076,0.0056,0.0055,0.0039,R
0.0129,0.0141,0.0309,0.0375,0.0767,0.0787,0.0662,0.1108,0.1777,0.2245,0.2431,0.3134,0.3206,0.2917,0.2249,0.2347,0.2143,0.2939,0.4898,0.6127,0.7531,0.7718,0.7432,0.8673,0.9308,0.9836,1.0,0.9595,0.8722,0.6862,0.4901,0.328,0.3115,0.1969,0.1019,0.0317,0.0756,0.0907,0.1066,0.138,0.0665,0.1475,0.247,0.2788,0.2709,0.2283,0.1818,0.1185,0.0546,0.0219,0.0204,0.0124,0.0093,0.0072,0.0019,0.0027,0.0054,0.0017,0.0024,0.0029,M
0.0261,0.0266,0.0223,0.0749,0.1364,0.1513,0.1316,0.1654,0.1864,0.2013,0.289,0.365,0.351,0.3495,0.4325,0.5398,0.6237,0.6876,0.7329,0.8107,0.8396,0.8632,0.8747,0.9607,0.9716,0.9121,0.8576,0.8798,0.772,0.5711,0.4264,0.286,0.3114,0.2066,0.1165,0.0185,0.1302,0.248,0.1637,0.1103,0.2144,0.2033,0.1887,0.137,0.1376,0.0307,0.0373,0.0606,0.0399,0.0169,0.0135,0.0222,0.0175,0.0127,0.0022,0.0124,0.0054,0.0021,0.0028,0.0023,M
0.0945611790161075,0.092699765261009,0.030238039481491757,0.08401471389804563,0.0682304153626148,0.11577683878147545,0.30417756467900636,0.39187807350156667,0.45293180324162446,0.5090931218622508,0.46601925025252744,0.23942028756515746,0.2713584329113516,0.32001760898031306,0.648943723692261,0.657337467619633,0.29322143137502243,0.2354179434461701,0.5270505292396457,0.8536391805984406,0.8125031910734364,0.47238417305819225,0.29965138741279285,0.31406431889418224,0.3241120562831989,0.3616169243260292,0.2947949385537143,0.5530021988511143,0.5189665972901494,0.6164796218252014,0.34063326967706503,0.35614125883107633,0.6816911741191808,0.7712018923441801,0.8719027643623611,0.8179506817755631,0.8127970497397443,0.8155712381012669,0.6588217572543099,0.45006959543101693,0.2596570997328202,0.24675995399901623,0.19109029888390816,0.28604381605251655,0.39583141682234974,0.2505582710146819,0.14145403673645401,0.05511932597099537,0.029920129159300927,0.017726870542652443,0.018193831115378787,0.015121469981708904,0.011608546681437834,0.020811616129899284,0.022635565556654146,0.005977123668265179,0.009666173364476945,0.011391984047916982,0.011757938741211464,0.015451307332831047,M
0.031,0.0221,0.0433,0.0191,0.0964,0.1827,0.1106,0.1702,0.2804,0.4432,0.5222,0.5611,0.5379,0.4048,0.2245,0.1784,0.2297,0.272,0.5209,0.6898,0.8202,0.878,0.76,0.7616,0.7152,0.7288,0.8686,0.9509,0.8348,0.573,0.4363,0.4289,0.424,0.3156,0.1287,0.1477,0.2062,0.24,0.5173,0.5168,0.1491,0.2407,0.3415,0.4494,0.4624,0.2001,0.0775,0.1232,0.0783,0.0089,0.0249,0.0204,0.0059,0.0053,0.0079,0.0037,0.0015,0.0056,0.0067,0.0054,M
0.021878709332364008,0.012346819114280178,0.01712875192066892,0.04307330423345238,0.04677149096755203,0.06780847615702698,0.06990680438268317,0.16001813444024676,0.22218629430288153,0.19784976553252182,0.24825062515214413,0.26830544487789887,0.24335635371810657,0.2168755302284369,0.14934551166320736,0.3331150569960888,0.4914496820631296,0.6300129706716577,0.7507090630929661,0.7867393835072722,0.854205314139361,0.8867467223443263,0.9104000675781653,0.8608959647069642,0.8436314912383784,0.7506698726136274,0.5088681389583156,0.37386707689778226,0.3411136041957267,0.5204252373809334,0.6176562493888201,0.7361991047160021,0.8262280991203557,0.7348027076323019,0.5595347695965143,0.4560729697325518,0.21579176580798626,0.21995979323807818,0.3375272043063723,0.4495090981421436,0.42769521751226824,0.3437219674849323,0.21864984875435164,0.08890525377187596,0.0467972575484169,0.06726570629362101,0.09747211552200394,0.10017243464463041,0.06946883836685397,0.022347771110098537,0.016602786033093786,0.009873784077527268,0.004772006638241908,0.0035700232382350865,0.006862267837917781,0.00681729925278461,0.0025195429719293834,0.007479943984491631,0.006054189088844428,0.004905342875797183,M
0.0201,0.0178,0.0274,0.0232,0.0724,0.0833,0.1232,0.1298,0.2085,0.272,0.2188,0.3037,0.2959,0.2059,0.0906,0.161,0.18,0.218,0.2026,0.1506,0.0521,0.2143,0.4333,0.5943,0.6926,0.7576,0.8787,0.906,0.8528,0.9087,0.9657,0.9306,0.7774,0.6643,0.6604,0.6884,0.6938,0.5932,0.5774,0.6223,0.5841,0.4527,0.4911,0.5762,0.5013,0.4042,0.3123,0.2232,0.1085,0.0414,0.0253,0.0131,0.0049,0.0104,0.0102,0.0092,0.0083,0.002,0.0048,0.0036,M
0.0423,0.0321,0.0709,0.0108,0.107,0.0973,0.0961,0.1323,0.2462,0.2696,0.3412,0.4292,0.3682,0.394,0.2965,0.3172,0.2825,0.305,0.2408,0.542,0.6802,0.632,0.5824,0.6805,0.5984,0.8412,0.9911,0.9187,0.8005,0.6713,0.5632,0.7332,0.6038,0.2575,0.0349,0.1799,0.3039,0.476,0.5756,0.4254,0.5046,0.7179,0.6163,0.5663,0.5749,0.3593,0.2526,0.2299,0.1271,0.0356,0.0367,0.0176,0.0035,0.0093,0.0121,0.0075,0.0056,0.0021,0.0043,0.0017,M
0.05346643154854484,0.052915230189864285,0.02368061593341914,0.07840140402734894,0.11542751094798868,0.13799572696985268,0.1976953645085045,0.26307362034483656,0.3046295492556736,0.33081223699474177,0.36788092572940895,0.3197943509547963,0.3145667477394968,0.3217033917398161,0.5123830433481231,0.578650944926332,0.4726839790407641,0.48305163720130295,0.6316579328747864,0.8327395804944394,0.8275302328902719,0.7036691933672502,0.6452674782917054,0.7055057826913143,0.7181317088040827,0.7001694578557984,0.6442244303141983,0.7895005167315884,0.7055479426432308,0.6112940823095824,0.4161390316522999,0.3383383681865473,0.46658933073759223,0.4313299544354425,0.4055708485790069,0.3091314729200654,0.3994821150662598,0.46665633463854655,0.348219574683674,0.2327689417690213,0.2122723045590837,0.20226033904356402,0.17907003027555746,0.18634244343025289,0.2387428105896167,0.12244315089542196,0.07573313062222585,0.05760774778338059,0.03732384041654639,0.018298008195807965,0.014785475391976916,0.02069085607385587,0.015110853869683825,0.016269808428223766,0.010435473474952769,0.009442149908626416,0.006319571086009976,0.005309492558690717,0.004590621139148414,0.0064537539813127815,M
0.023947624714458042,0.02069527664058399,0.02975415135400883,0.05092538303636083,0.07778530272720792,0.08222507089646193,0.10895298149222873,0.09247046226154672,0.0928118262816993,0.06502696640730377,0.06533667630106096,0.09715963804701845,0.18988202631505918,0.31416129265493387,0.4406462373191326,0.5611248987114038,0.6510071504582033,0.7184021741057834,0.7702101563007274,0.8089745985503712,0.9770255716609237,1.0018796929774256,0.9645633064893726,0.9483304709686952,0.8959784093502334,0.8562530278291608,0.7371267472016645,0.5299491896545658,0.39801607522552307,0.5081813305813982,0.4772079657151004,0.3352309667656725,0.3228380132438624,0.3031943450597169,0.1481351784506781,0.06466322996999063,0.08616917434629133,0.09284511120405302,0.12283551318248113,0.19648268172367195,0.14409269961576213,0.07384916360855502,0.026337858719117313,0.10645328204101996,0.09335554349616687,0.037754719234465696,0.07710169442423745,0.055758857234162296,0.026375141430655974,0.014279435682716373,0.008598839983353472,0.009866226177722114,0.009904420110156603,0.006569426339486187,0.005472803263586459,0.012299157570429771,0.008133725545487325,0.0019410139199297527,0.005232919120054994,0.004134828851957636,R
0.0094,0.0166,0.0398,0.0359,0.0681,0.0706,0.102,0.0893,0.0381,0.1328,0.1303,0.0273,0.0644,0.0712,0.1204,0.0717,0.1224,0.2349,0.3684,0.3918,0.4925,0.8793,0.9606,0.8786,0.6905,0.6937,0.5674,0.654,0.7802,0.7575,0.5836,0.6316,0.8108,0.9039,0.8647,0.6695,0.4027,0.237,0.2685,0.3662,0.3267,0.22,0.2996,0.2205,0.1163,0.0635,0.0465,0.0422,0.0174,0.0172,0.0134,0.0141,0.0191,0.0145,0.0065,0.0129,0.0217,0.0087,0.0077,0.0122,R
0.0164,0.0627,0.0738,0.0608,0.0233,0.1048,0.1338,0.0644,0.1522,0.078,0.1791,0.2681,0.1788,0.1039,0.198,0.3234,0.3748,0.2586,0.368,0.3508,0.5606,0.5231,0.5469,0.6954,0.6352,0.6757,0.8499,0.8025,0.6563,0.8591,0.6655,0.5369,0.3118,0.3763,0.2801,0.0875,0.3319,0.4237,0.1801,0.3743,0.4627,0.1614,0.2494,0.3202,0.2265,0.1146,0.0476,0.0943,0.0824,0.0171,0.0244,0.0258,0.0143,0.0226,0.0187,0.0185,0.011,0.0094,0.0078,0.0112,M
0.02656714049178193,0.017637471953744426,0.039364947175974385,0.08063639690406842,0.10760823204632723,0.09054429590939635,0.13819784967966736,0.15644078586376828,0.13677250793313483,0.1995604546307423,0.21448517839468687,0.17157993667097465,0.15023940465873917,0.18894578498633507,0.23143517087862103,0.3399280350460843,0.40495806935678447,0.5329472656992357,0.6065378780343359,0.6101638003662384,0.6685403613919482,0.8299773727691827,0.9344488636081448,0.9315660228511932,0.9207461938754106,0.8593154288460491,0.7850962040530965,0.7177627124247303,0.597696980266649,0.5099825496720569,0.496555811751066,0.38646513737701194,0.2933170318788558,0.23675601512973216,0.26752265285444077,0.25897895500300355,0.2474485094273014,0.21751209387169199,0.266446626605827,0.27358539926572034,0.3017128402797704,0.3083329115339324,0.23256689450798862,0.17599963172224337,0.0831366893248755,0.13509864719293696,0.1498854027623655,0.11533825364816545,0.06584891656329851,0.030843401672839377,0.021642884567065885,0.0170270986275925,0.018674123804896036,0.012987231155701108,0.00411090336373339,0.007893887687648099,0.009832628197145947,0.006500222777319717,0.007341745349570581,0.008069962581685122,M
0.011591248773270618,0.042137086800375485,0.056243377155593126,0.047212337642485794,0.09675418852651395,0.20590204354708966,0.19563563049687696,0.1735487842656491,0.2589522555133634,0.3467700745080073,0.2565242767755321,0.09255581819132727,0.25344802059521454,0.43106006401295516,0.5324662313743667,0.720041575021893,0.7600347123470428,0.7372827819005078,0.549306678070534,0.43863183793528127,0.49578166004163077,0.613609907487307,0.7753107670042243,0.8475193341426981,0.7805794845014624,0.747410833426528,0.7499768500288453,0.628000930889509,0.38914120235987193,0.40096468950105374,0.6155296097851715,0.6615048124304006,0.4366189567003062,0.5699170516977685,0.8506634259337683,0.700172771351288,0.44950204615099976,0.49120113368362317,0.43463939413990743,0.30813301187919573,0.12934165770765102,0.14254418275088826,0.27993195122315856,0.26333881960556577,0.1826686237581289,0.06612579607611509,0.05068356625010592,0.03661462588883526,0.017761977278352874,0.025364749865116686,0.005443132371199141,0.01891008936997552,0.008606721522488012,0.01840808543695108,0.010853531272431088,0.005019340369586318,0.00882467282372504,0.0048267336107698944,0.010251980486183573,0.008993417678319878,R
0.027341137793757003,0.023649090985435783,0.042380607036574404,0.05698823901061797,0.10310811804146641,0.1381211399742882,0.17975399712421072,0.15533821984721874,0.254044552026624,0.29432367574757123,0.3294572711381277,0.34656178196291937,0.30244176129648637,0.2610851996308202,0.21589287638017987,0.30251101706954336,0.42144469216663044,0.5210142403928311,0.601862757146683,0.6060956162850908,0.5296105964065984,0.5178892089230159,0.5628178602335476,0.5463933436170879,0.7012188468650096,0.9599283119931811,0.9678080810142435,0.685095114667001,0.5816917316671899,0.43889371565190766,0.157747694565048,0.30249854169219004,0.30671990784637354,0.18766767473712298,0.1447766241379013,0.17896710012884948,0.20832523373567569,0.32745206922382675,0.4136055847260987,0.4392347754632042,0.36931646296243087,0.3165414440965564,0.19336097031499616,0.18446926762761845,0.21334892992796747,0.1084535221005737,0.08227515683039148,0.05919594077251012,0.034001378655826364,0.015403036858271739,0.01654293447240653,0.01167002048482107,0.011955770477029922,0.006905060801447967,0.004087880771916646,0.004977566705107913,0.00215066136937195,0.00387558013884202,0.004710049005119102,0.006419353617704897,M
0.017430901922509904,0.037196291975699874,0.06564508313262826,0.047250905328640694,0.044847607565534575,0.05550281586461341,0.059506817413885985,0.10077338851684525,0.1788479198318114,0.27290580335632053,0.21690758740322966,0.1475582353188381,0.25483706187339844,0.3196919366000422,0.2856164486651603,0.4182290057935661,0.5204697084642554,0.49464756696627593,0.5290837041510464,0.49094028361284536,0.5113800373851956,0.5352703918437137,0.6030659095212654,0.6147680037502096,0.7194074829867723,0.8179340598311132,0.8512326709645135,0.5535558383892868,0.3893774245228598,0.3691598332902192,0.2837951341004762,0.2942193289459066,0.3323095007833761,0.22979551696344652,0.3619188073059695,0.5154553025339843,0.5816775203603642,0.3386348660072898,0.4068549838159107,0.4948440931015929,0.3890387976722974,0.3295250505954076,0.24084643864398803,0.19556774429746399,0.1392862489314422,0.12109366475462473,0.10624207843121067,0.0809924863249773,0.06433235571065232,0.017212372588269135,0.014325260300517478,0.008294636885864097,0.005021298330617631,0.014244649238369298,0.015454292263056349,0.004401115769269293,0.012071892977603317,0.014386093830218303,0.013084883211695165,0.007400496981381336,R
0.0125,0.0152,0.0218,0.0175,0.0362,0.0696,0.0873,0.0616,0.1252,0.1302,0.0888,0.05,0.0628,0.1274,0.0801,0.0742,0.2048,0.295,0.3193,0.4567,0.5959,0.7101,0.8225,0.8425,0.9065,0.9802,1.0,0.8752,0.7583,0.6616,0.5786,0.5128,0.4776,0.4994,0.5197,0.5071,0.4577,0.3505,0.1845,0.189,0.1967,0.1041,0.055,0.0492,0.0622,0.0505,0.0247,0.0219,0.0102,0.0047,0.0019,0.0041,0.0074,0.003,0.005,0.0048,0.0017,0.0041,0.0086,0.0058,R
0.053,0.0885,0.1997,0.2604,0.3225,0.2247,0.0617,0.2287,0.095,0.074,0.161,0.2226,0.2703,0.3365,0.4266,0.4144,0.5655,0.6921,0.8547,0.9234,0.9171,1.0,0.9532,0.9101,0.8337,0.7053,0.6534,0.4483,0.246,0.202,0.1446,0.0994,0.151,0.2392,0.4434,0.5023,0.4441,0.4571,0.3927,0.29,0.3408,0.499,0.3632,0.1387,0.18,0.1299,0.0523,0.0817,0.0469,0.0114,0.0299,0.0244,0.0199,0.0257,0.0082,0.0151,0.0171,0.0146,0.0134,0.0056,M
0.0272,0.0378,0.0488,0.0848,0.1127,0.1103,0.1349,0.2337,0.3113,0.3997,0.3941,0.3309,0.2926,0.176,0.1739,0.2043,0.2088,0.2678,0.2434,0.1839,0.2802,0.6172,0.8015,0.8313,0.844,0.8494,0.9168,1.0,0.7896,0.5371,0.6472,0.6505,0.4959,0.2175,0.099,0.0434,0.1708,0.1979,0.188,0.1108,0.1702,0.0585,0.0638,0.1391,0.0638,0.0581,0.0641,0.1044,0.0732,0.0275,0.0146,0.0091,0.0045,0.0043,0.0043,0.0098,0.0054,0.0051,0.0065,0.0103,M
0.0056,0.0267,0.0221,0.0561,0.0936,0.1146,0.0706,0.0996,0.1673,0.1859,0.2481,0.2712,0.2934,0.2637,0.188,0.1405,0.2028,0.2613,0.2778,0.3346,0.383,0.4003,0.5114,0.686,0.749,0.7843,0.9021,1.0,0.8888,0.6511,0.6083,0.4463,0.2948,0.1729,0.1488,0.0801,0.177,0.1382,0.2404,0.2046,0.197,0.2778,0.1377,0.0685,0.0664,0.1665,0.1807,0.1245,0.0516,0.0044,0.0185,0.0072,0.0055,0.0074,0.0068,0.0084,0.0037,0.0024,0.0034,0.0007,M
0.0317,0.0956,0.1321,0.1408,0.1674,0.171,0.0731,0.1401,0.2083,0.3513,0.1786,0.0658,0.0513,0.3752,0.5419,0.544,0.515,0.4262,0.2024,0.4233,0.7723,0.9735,0.939,0.5559,0.5268,0.6826,0.5713,0.5429,0.2177,0.2149,0.5811,0.6323,0.2965,0.1873,0.2969,0.5163,0.6153,0.4283,0.5479,0.6133,0.5017,0.2377,0.1957,0.1749,0.1304,0.0597,0.1124,0.1047,0.0507,0.0159,0.0195,0.0201,0.0248,0.0131,0.007,0.0138,0.0092,,0.0036,0.0103,R
0.034615971408320456,0.04105155021073024,0.04716110832659899,0.056346101743386556,0.1007511684228737,0.13372634331111874,0.13999696656860744,0.09860701229438866,0.17469062846705602,0.1516153628527197,0.20565834914084788,0.24812530621887835,0.28325397059478497,0.28747045563430645,0.311754739616298,0.4279881478154792,0.5294191425631806,0.563701946642813,0.5490183663917005,0.5806478984474274,0.5392431729242244,0.5020520311127417,0.550867446035962,0.6819637305517593,0.7295606573461664,0.6814217574342187,0.6127751521021866,0.5666859469583073,0.5857571548603637,0.5944721946892677,0.6194743331384402,0.6048079688837632,0.5687440783843791,0.5567679820387612,0.5978566849410922,0.6043374807570234,0.5965252308695895,0.5768690124359702,0.5234089343538443,0.501926203668257,0.4042307629293939,0.3342003445791098,0.3113066369271389,0.3617714393735729,0.31502825808330587,0.2105570628378171,0.10599063576199384,0.10370214604145984,0.06650635202212185,0.016784279521535724,0.010433737598993183,0.018028852228177353,0.016703953681097745,0.008153215368798358,0.005890411014752572,0.00827327692377515,0.00748248495045459,0.006961391128824131,0.007430525187791109,0.003675743910805318,M
0.04466998767423457,0.044169285261151534,0.0213842398893849,0.01209971031685677,0.03172002265519009,0.04855531283330063,0.08725498152825852,0.14915557432289026,0.14541808726652924,0.1381654261233897,0.10410476464593714,0.17388091866339406,0.16065662906440517,0.2110776547134991,0.3039704132738477,0.3560784411113766,0.36035673929286777,0.2521187953841103,0.18856481339702463,0.16670731356652888,0.31577198368152454,0.2779422792054463,0.40468752154183857,0.4472038018934047,0.34458922789513563,0.3496850481521454,0.5925797076331706,0.7908673059194836,0.7372110443727727,0.7116409422511013,0.702945738853657,0.5099080800587628,0.542827524228622,0.6652429457472017,0.8441106876655851,0.8825549643030524,0.7219892901354361,0.532205016220057,0.4490603581289825,0.5691268341042803,0.5265023049638019,0.49537946463669363,0.34778520114408185,0.2086701765282707,0.1839547735689483,0.11878219872127606,0.13697169761401193,0.12781801705539922,0.07666543026672495,0.023923296783772172,0.010955149771821859,0.007663389743140489,0.017321143679092346,0.01333077820726164,0.005955920190604843,0.00830131562077847,0.012996306190891246,0.008630878627728728,0.007168513676842342,0.007698954332388509,R
0.0107,0.0453,0.0289,0.0713,0.1075,0.1019,0.1606,0.2119,0.3061,0.2936,0.3104,0.3431,0.2456,0.1887,0.1184,0.208,0.2736,0.3274,0.2344,0.126,0.0576,0.1241,0.3239,0.4357,0.5734,0.7825,0.9252,0.9349,0.9348,1.0,0.9308,0.8478,0.7605,0.704,0.7539,0.799,0.7673,0.5955,0.4731,0.484,0.434,0.3954,0.4837,0.5379,0.4485,0.2674,0.1541,0.1359,0.0941,0.0261,0.0079,0.0164,0.012,0.0113,0.0021,0.0097,0.0072,0.006,0.0017,0.0036,M
0.0209,0.0278,0.0115,0.0445,0.0427,0.0766,0.1458,0.143,0.1894,0.1853,0.1748,0.1556,0.1476,0.1378,0.2584,0.3827,0.4784,0.536,0.6192,0.7912,0.9264,1.0,0.908,0.7435,0.5557,0.3172,0.1295,0.0598,0.2722,0.3616,0.3293,0.4855,0.3936,0.1845,0.0342,0.2489,0.3837,0.3514,0.2654,0.176,0.1599,0.0866,0.059,0.0813,0.0492,0.0417,0.0495,0.0367,0.0115,0.0118,0.0133,0.0096,0.0014,0.0049,0.0039,0.0029,0.0078,0.0047,0.0021,0.0011,M
0.0039,0.0063,0.0152,0.0336,0.031,0.0284,0.0396,0.0272,0.0323,0.0452,0.0492,0.0996,0.1424,0.1194,0.0628,0.0907,0.1177,0.1429,0.1223,0.1104,0.1847,0.3715,0.4382,0.5707,0.6654,0.7476,0.7654,0.8555,0.972,0.9221,0.7502,0.7209,0.7757,0.6055,0.5021,0.4499,0.3947,0.4281,0.4427,0.3749,0.1972,0.0511,0.0793,0.1269,0.1533,0.069,0.0402,0.0534,0.0228,0.0073,0.0062,0.0062,0.012,0.0052,0.0056,0.0093,0.0042,0.0003,0.0053,0.0036,R
0.033592403589410444,0.03749821267851057,0.02253688591006302,0.042748524667180564,0.07681149886310257,0.10857898815027986,0.14623818695774535,0.13551891713437753,0.18305458513904763,0.20182651003213478,0.23989633944978186,0.27485812626846273,0.2645167540420985,0.25257781776897875,0.2945094236533116,0.4208957948184468,0.49918944135332194,0.5892648214856628,0.6285890668126602,0.6265764490809829,0.5897675029696096,0.6463047320516409,0.7621238166355871,0.7685460065216146,0.8441711051144977,0.9945498555837474,0.9719589644323562,0.811931347385736,0.6838110399206954,0.505325943244621,0.3080540368256396,0.34877683761847167,0.28802048157519733,0.15547015530145086,0.13251379173838537,0.154424232635537,0.2267278355379952,0.32703524568732106,0.3354072400968726,0.36360795184796013,0.34298099721607117,0.27241743928435264,0.16918046435669698,0.1561643450980722,0.1400460911165548,0.10393814326482156,0.08297955105813631,0.04556137071928196,0.02589329202801367,0.00846520759182509,0.012636235249579589,0.0065413663000149875,0.013535515345361725,0.008425990679679633,0.006716051491196402,0.007864480888091916,0.003762758691006325,0.0030783453613335136,0.006633016346636803,0.005050515651936663,M
0.0162,0.0253,0.0262,0.0386,0.0645,0.0472,0.1056,0.1388,0.0598,0.1334,0.2969,0.4754,0.5677,0.569,0.6421,0.7487,0.8999,1.0,0.969,0.9032,0.7685,0.6998,0.6644,0.5964,0.3711,0.0921,0.0481,0.0876,0.104,0.1714,0.3264,0.4612,0.3939,0.505,0.4833,0.3511,0.2319,0.4029,0.3676,0.151,0.0745,0.1395,0.1552,0.0377,0.0636,0.0443,0.0264,0.0223,0.0187,0.0077,0.0137,0.0071,0.0082,0.0232,0.0198,0.0074,0.0035,0.01,0.0048,0.0019,M
0.01,0.0194,0.0155,0.0489,0.0839,0.1009,0.1627,0.2071,0.2696,0.299,0.3242,0.3565,0.3951,0.5201,0.6953,0.8468,1.0,0.9278,0.851,0.801,0.8142,0.8825,0.7302,0.6107,0.7159,0.8458,0.6319,0.4808,0.6291,0.7152,0.6005,0.4235,0.4106,0.3992,0.173,0.1975,0.237,0.1339,0.1583,0.3151,0.1968,0.2054,0.1272,0.1129,0.1946,0.2195,0.193,0.1498,0.0773,0.0196,0.0122,0.013,0.0073,0.0077,0.0075,0.006,0.008,0.0019,0.0053,0.0019,R
0.010295504893183155,0.01601694247149834,0.029110051910212147,0.02456155838817836,0.04806991747945785,0.08457319564051957,0.10353537131521867,0.07138223556283951,0.060386293882271146,0.10792071425842915,0.10673127672878063,0.04187471957953948,0.0824631735841452,0.09707420775672594,0.1425169180424398,0.15185434850360474,0.19859402336985155,0.2939858600384119,0.3963818318068227,0.40578980439178786,0.4564156832573044,0.6857491558421855,0.7056312687452193,0.6731542001367607,0.5947559183121877,0.6123468312882134,0.6485659989513777,0.777173666649732,0.8633689010715597,0.8217971553827977,0.6888076727952323,0.6849399416441724,0.7775182061748892,0.7823159325226664,0.7340768226171819,0.6332065504769967,0.4629732272771746,0.29490907415647905,0.21984110626884082,0.24549417254571596,0.21548292789723103,0.20320888943212778,0.2866715206929758,0.24948790638561172,0.1632390012639496,0.10753991632796915,0.06997856349974002,0.0739463709691919,0.03935879921306593,0.01662674865755391,0.012234622722977937,0.012021805264901687,0.011839123809795089,0.011994012556135525,0.006477143934648616,0.008598477432636214,0.013907392203143807,0.006693173190755399,0.007401655063898756,0.008849443960709776,R
0.03388367127412804,0.03624659559390272,0.06467504421246163,0.03574437382653434,0.09002664125735263,0.09261168123630363,0.1061763430751165,0.1848551555300561,0.19777483684964964,0.17851456182097122,0.2968442487722121,0.36226424085661346,0.29331670577867525,0.3877339197673902,0.356453013088214,0.4025496612422858,0.3519634692182021,0.3313147823406041,0.27716230553243837,0.4327427757709955,0.5161453366636819,0.4271199842149458,0.45478872087777,0.6186370470018518,0.5201202338987906,0.6782668113575628,0.8141607181217846,0.769632866679416,0.6637247208667328,0.5786436018839922,0.49768582841341424,0.6011798880608905,0.5533983596158617,0.3091929937589458,0.1077074941309772,0.17372325326578908,0.22826967222219083,0.37375527573440187,0.48342677754818275,0.4040825577077121,0.42643774677981816,0.5604183054102061,0.47894181157311616,0.42572756881876833,0.4365587129632159,0.2902214294424821,0.1851995580786693,0.1807807254285291,0.10386083906724572,0.02760274051027692,0.025987061798355134,0.01828483387595154,0.009014929528280096,0.011599307933045614,0.018464310199901912,0.008269902633671458,0.012607242278586362,0.009741994101392797,0.009794884200433668,0.0048164815088906675,M
0.0137,0.0297,0.0116,0.0082,0.0241,0.0253,0.0279,0.013,0.0489,0.0874,0.11,0.1084,0.1094,0.1023,0.0601,0.0906,0.1313,0.2758,0.366,0.5269,0.581,0.6181,0.5875,0.4639,0.5424,0.7367,0.9089,1.0,0.8247,0.5441,0.3349,0.0877,0.16,0.4169,0.6576,0.739,0.7963,0.7493,0.6795,0.4713,0.2355,0.1704,0.2728,0.4016,0.4125,0.347,0.2739,0.179,0.0922,0.0276,0.0169,0.0081,0.004,0.0025,0.0036,0.0058,0.0067,0.0035,0.0043,0.0033,M
0.05016937355708713,0.04360641345592709,0.03104267647663296,0.0312980190253928,0.059956170514920186,0.06169707788591735,0.09097772132806876,0.1527787658131102,0.23296849055217475,0.2835125078835784,0.26763980865095616,0.2624200196925176,0.28464798378061534,0.29758046222061213,0.31745347855366735,0.371045516321262,0.4640912340336861,0.40369533937426433,0.17476031962999106,0.3131195291473329,0.3340888840848534,0.3702674248331317,0.5083240860816886,0.585430671118284,0.5960620015667186,0.5899584327580036,0.7525261578279882,0.8125244696183919,0.6277950770298487,0.42416131043504723,0.4020109795627842,0.337902370085358,0.21805812270533884,0.12787936331135327,0.19581969190158377,0.30309068375118825,0.2662165879237401,0.2249753758291689,0.23226294086717067,0.24506464979920972,0.2573994448099421,0.2668247824482865,0.18744410481003287,0.07802973590938736,0.07217670652905493,0.06968818736810015,0.040049671037665914,0.01597961570863181,0.025489449722266008,0.007061376481556886,0.01476794734135396,0.005207673630701059,0.0058533184722604475,0.00947173671257058,0.00987380258555227,0.0028827336774614335,0.005114017265338345,0.003434915397347958,0.007893854643444937,0.006079118655074008,R
0.05306305348744823,0.050885518444168755,0.040128878822513904,0.040210111615642675,0.037992703494990725,0.11658035818838831,0.10119384045018924,0.16421594448581528,0.26218716604350983,0.3318288398556611,0.41586727106115906,0.4894947033882782,0.4679387928524466,0.3361875022502366,0.2501414768251251,0.28598691519923913,0.32854245005007443,0.34451648704041477,0.41588720395315926,0.5542724492895679,0.6275751038567261,0.7705237741452685,0.8570568690566583,0.9124879656347593,0.9962345540471023,0.9815009732295288,0.9731845009588166,0.8234444505291457,0.576379736307682,0.4382899633609208,0.4659161841721854,0.48247541841977604,0.4084130083051008,0.25738546366557585,0.08607959664454296,0.2883251278104624,0.3468867934950495,0.27460546035884004,0.1743895782618989,0.08948490741819648,0.13511476581381804,0.20239598897675515,0.3320480497448157,0.3707823049295433,0.2536021006649925,0.09187230236329061,0.05165868099390427,0.06732598476181398,0.042582202180263394,0.011513716574891386,0.012095748963533257,0.005318282140655747,0.004945301588122541,0.010252227577579608,0.006951341886554429,0.008306094051806842,0.006995223775765638,0.006673053832613162,0.004665271799892361,0.005623978130625277,M
0.02226281645730833,0.02016919630935131,0.021336347374254074,0.03573216684298802,0.05011383732954885,0.05937197034973516,0.07244429673897344,0.05773504601885082,0.07961082828000661,0.08376489845117539,0.1443055511327734,0.16684720131521003,0.19298027388919775,0.1993856075068766,0.2582697079442768,0.3115388507558962,0.2096652611006488,0.25471816145586107,0.3592662397019741,0.38243568131890915,0.3483642301494005,0.3491953714832058,0.5326687731327874,0.7097890365710926,0.8546749598536162,0.9491178468866629,0.8417928993741303,0.7238884809258095,0.6605565760655259,0.543336375495391,0.38471128120952225,0.1539315635007924,0.22019140084448097,0.15841038977295813,0.21068686520206878,0.3318464675770539,0.21396131253750192,0.1033238787317087,0.1619537708828098,0.1800709452637906,0.31866185186184814,0.3255545174216886,0.21955687166865714,0.0844411154059446,0.1041632531595436,0.12319919149259471,0.05726964212396714,0.040425952894734676,0.021781590620119404,0.014469433211121513,0.010761063494609301,0.010938584989336452,0.009772772263814514,0.00854521493243476,0.0097323618429225,0.006440194920651832,0.003951037256829366,0.0018903697555244824,0.00565137239401723,0.0022066574434242174,R
0.03333337353458882,0.02501447400756503,0.041744665222079896,0.07478027866757112,0.09210711315120443,0.11478181292542365,0.11416144618400259,0.1329903931433584,0.17312922436124942,0.17840877648260467,0.2677068855842252,0.3157911397116943,0.33390477915709316,0.30342028202655197,0.2878481806660377,0.39890026742300594,0.552809764956441,0.7107644131008934,0.8416401896038652,0.8481082701023192,0.9018164964005206,0.9171991837302291,0.9309050503775328,0.871520308605988,0.8238627950986767,0.676686187905941,0.4251187785156373,0.32696389955946314,0.35947110915072744,0.4730442156666741,0.5306765188895646,0.5271802244106282,0.6318011864033095,0.705236861347946,0.6302806460535325,0.5082429285353622,0.29037511274613437,0.25522680520033414,0.3409619454752265,0.37716875276896694,0.34779496381752933,0.3225987692046458,0.2619010944511873,0.14191548027803289,0.07181789066408374,0.08676666143715428,0.09766151523726094,0.06334202402734557,0.058068605410097396,0.018147367381124727,0.015381219767050359,0.010407321138314413,0.004703971236701257,0.012324122109776573,0.010229861298871368,0.006766165715093526,0.011208244642567707,0.018955271294787794,0.011035318327487664,0.004523933506954959,M
0.015778129405437102,0.017214921663247285,0.022175404950167125,0.03401232684906212,0.051007506426943953,0.09790636689436542,0.08779741680177086,0.1481465101357079,0.14996750093608407,0.15895303322894358,0.19066804287551264,0.2330296120429824,0.28870873829706245,0.4343182351360423,0.41356431746031447,0.40896718441283975,0.5147598270955757,0.6955951989473718,0.741556238554423,0.8509446291300631,0.878138441973544,0.8629849614233895,0.8300347395285618,0.7199333189490135,0.6074168311897888,0.4741939365427316,0.3083224880939733,0.12233108236557809,0.41273355375560106,0.22999309389877717,0.2269617444418393,0.1550906017201166,0.1772574823992357,0.23699775523422498,0.22608222750562734,0.37388745049480143,0.3486222465782587,0.15294585916908632,0.11711233219658393,0.1222724227140493,0.11785062579430657,0.08367976073782017,0.13680300250457972,0.09863188527184037,0.06630137311785557,0.056947556150441586,,0.07105185346548566,0.02053869723468198,0.022611559546445552,0.01637432850891971,0.015665515203669916,0.011854661113486138,0.007829434400547288,0.009738648182972962,0.0055934988802082575,0.007609473524184895,0.005663839697145874,0.005724116260806712,0.0034341019835232816,R
0.0235,0.0291,0.0749,0.0519,0.0227,0.0834,0.0677,0.2002,0.2876,0.3674,0.2974,0.0837,0.1912,0.504,0.6352,0.6804,0.7505,0.6595,0.4509,0.2964,0.4019,0.6794,0.8297,1.0,0.824,0.7115,0.7726,0.6124,0.4936,0.5648,0.4906,0.182,0.1811,0.1107,0.4603,0.665,0.6423,0.2166,0.1951,0.4947,0.4925,0.4041,0.2402,0.1392,0.1779,0.1946,0.1723,0.1522,0.0929,0.0179,0.0242,0.0083,0.0037,0.0095,0.0105,0.003,0.0132,0.0068,0.0108,0.009,R
0.025951370832040615,0.07723314609162783,0.09798425066827866,0.10841302074181795,0.12942995495881693,0.12366823096841921,0.05706583474407469,0.11590545486634017,0.18074479976868102,0.27548680150897964,0.14259464408862602,0.07261232047182656,0.09125072818884652,0.3401886265252375,0.4355232515710687,0.4398512627143673,0.4035504939135975,0.38359887118319846,0.3168809510507125,0.5202087530172108,0.776180125070901,0.9359964687880412,0.8187415957721206,0.5037396053681602,0.5493915065135695,0.7296723742462086,0.6959605284291648,0.6354765875865628,0.33732534848320134,0.2870436697919804,0.5270035513973691,0.5194489852278831,0.29247197182790535,0.21057924436462386,0.30052457816804756,0.4516758284885937,0.5491697249784998,0.43589495840025316,0.49824380055130624,0.5061344646482806,0.40808208549644415,0.21081620781114196,0.15220939171849934,0.1326251575046051,0.11536389506188512,0.06718023933788755,0.103964549910161,0.08674221615552324,0.03941117829400379,0.017575766514856185,0.019069575816847584,0.017958975138721057,0.02549252475735022,0.015712143310375726,0.007032708988788925,0.01334689108261411,0.0075201626124189415,,0.0027835762507473108,0.008596073924066402,R
0.0072,0.0027,0.0089,0.0061,0.042,0.0865,0.1182,0.0999,0.1976,0.2318,0.2472,0.288,0.2126,0.0708,0.1194,0.2808,0.4221,0.5279,0.5857,0.6153,0.6753,0.7873,0.8974,0.9828,1.0,0.846,0.6055,0.3036,0.0144,0.2526,0.4335,0.4918,0.5409,0.5961,0.5248,0.3777,0.2369,0.172,0.1878,0.325,0.2575,0.2423,0.2706,0.2323,0.1724,0.1457,0.1175,0.0868,0.0392,0.0131,0.0092,0.0078,0.0071,0.0081,0.0034,0.0064,0.0037,0.0036,0.0012,0.0037,M
0.0654,0.0649,0.0737,0.1132,0.2482,0.1257,0.1797,0.0989,0.246,0.3422,0.2128,0.1377,0.4032,0.5684,0.2398,0.4331,0.5954,0.5772,0.8176,0.8835,0.5248,0.6373,0.8375,0.6699,0.7756,0.875,0.83,0.6896,0.3372,0.6405,0.7138,0.8202,0.6657,0.5254,0.296,0.0704,0.097,0.3941,0.6028,0.3521,0.3924,0.4808,0.4602,0.4164,0.5438,0.5649,0.3195,0.2484,0.1299,0.0825,0.0243,0.021,0.0361,0.0239,0.0447,0.0394,0.0355,0.044,0.0243,0.0098,M
0.011896627429104441,0.0046939612085986964,0.014890426886616051,0.01960403837963046,0.021765282725066042,0.021641827523163473,0.04824355205008022,0.02612066306426501,0.042570510897288555,0.07796390119450243,0.06869837853701996,0.09638962171073412,0.1306098138413666,0.08043387804449115,0.029792411125305444,0.052835005711119,0.08525334273517107,0.1818795025833587,0.23489222290267892,0.25119527701372807,0.27741401005726946,0.4312731985609299,0.5288910729784059,0.6572035980772408,0.7639927887429825,0.8177684965639944,0.778473347279296,0.8448645199096915,0.9647826646544366,0.9371807696986004,0.8401866470573478,0.8080223674220617,0.8774949986240755,0.7863374120764117,0.6351493739613041,0.4853718965546547,0.33502139345257126,0.3106277533267253,0.28845995948180503,0.3395046858433354,0.2904788579159848,0.23167831769736688,0.2081956881759681,0.212213645342137,0.2142168430350516,0.13373358284686304,0.07207354835774182,0.047535745681101096,0.027530066177530475,0.00968618482808968,0.007004743364728709,0.00830576532699544,0.009388914922909442,0.005766606021551909,0.004437458332768996,0.005220123484986952,0.002512182684864925,0.0013242249455329529,0.0054607523670738515,0.0040039412156990225,R
0.026,0.0192,0.0254,0.0061,0.0352,0.0701,0.1263,0.108,0.1523,0.163,0.103,0.2187,0.1542,0.263,0.294,0.2978,0.0699,0.1401,0.299,0.3915,0.3598,0.2403,0.4208,0.5675,0.6094,0.6323,0.6549,0.7673,1.0,0.8463,0.5509,0.4444,0.5169,0.4268,0.1802,0.0791,0.0535,0.1906,0.2561,0.2153,0.2769,0.2841,0.1733,0.0815,0.0335,0.0933,0.1018,0.0309,0.0208,0.0318,0.0132,0.0118,0.012,0.0051,0.007,0.0015,0.0035,0.0008,0.0044,0.0077,R
0.0216,0.0215,0.0273,0.0139,0.0357,0.0785,0.0906,0.0908,0.1151,0.0973,0.1203,0.1102,0.1192,0.1762,0.239,0.2138,0.1929,0.1765,0.0746,0.1265,0.2005,0.1571,0.2605,0.5386,0.844,1.0,0.8684,0.6742,0.5537,0.4638,0.3609,0.2055,0.162,0.2092,0.31,0.2344,0.1058,0.0383,0.0528,0.1291,0.2241,0.1915,0.1587,0.0942,0.084,0.067,0.0342,0.0469,0.0357,0.0136,0.0082,0.014,0.0044,0.0052,0.0073,0.0021,0.0047,0.0024,0.0009,0.0017,R
0.008741101668639882,0.04807683588309438,0.08523511222354686,0.08818211383196685,0.06934463924352773,0.10484390413436444,0.15437805761499762,0.3040885997942454,0.40917810698086393,0.380139818940465,0.377216103668825,0.35051608389497296,0.417857003390041,0.4077228279636101,0.3598703349895429,0.3596740802103544,0.23631995702938954,0.2415278901113932,0.3709711533747287,0.8057181899075204,0.8724524986217447,0.6277912519808239,0.4886071574497784,0.4997634006133913,0.5150803934857118,0.6741089793160275,0.731372566906836,0.8345067321014848,0.7188015402591517,0.677689839923259,0.4382426836838565,0.5032850339487929,0.5392631579450269,0.4953371232263908,0.34743748432009863,0.5621911267308165,0.5037154173687146,0.6185345772530362,0.6455368917350996,0.4754514702297149,0.35476763421594826,0.4381173214861186,0.3580732344383731,0.3655221127206763,0.43064289484874363,0.20692245768016732,0.15116962577639131,0.21507406750870126,0.10194405283179417,0.016207650811481192,0.03734391658996338,0.0235161645269418,0.01142506395222328,0.02239074605403245,0.016732804026673365,0.013068227113015309,0.014352849892194475,0.008642618429469302,0.011937812632731103,0.007044079987173882,M
0.027,0.0163,0.0341,0.0247,0.0822,0.1256,0.1323,0.1584,0.2017,0.2122,0.221,0.2399,0.2964,0.4061,0.5095,0.5512,0.6613,0.6804,0.652,0.6788,0.7811,0.8369,0.8969,0.9856,1.0,0.9395,0.8917,0.8105,0.6828,0.5572,0.4301,0.3339,0.2035,0.0798,0.0809,0.1525,0.2626,0.2456,0.198,0.2412,0.2409,0.1901,0.2077,0.1767,0.1119,0.0779,0.1344,0.096,0.0598,0.033,0.0197,0.0189,0.0204,0.0085,0.0043,0.0092,0.0138,0.0094,0.0105,0.0093,M
0.0181,0.0146,0.0026,0.0141,0.0421,0.0473,0.0361,0.0741,0.1398,0.1045,0.0904,0.0671,0.0997,0.1056,0.0346,0.1231,0.1626,0.3652,0.3262,0.2995,0.2109,0.2104,0.2085,0.2282,0.0747,0.1969,0.4086,0.6385,0.797,0.7508,0.5517,0.2214,0.4672,0.4479,0.2297,0.3235,0.448,0.5581,0.652,0.5354,0.2478,0.2268,0.1788,0.0898,0.0536,0.0374,0.099,0.0956,0.0317,0.0142,0.0076,0.0223,0.0255,0.0145,0.0233,0.0041,0.0018,0.0048,0.0089,0.0085,R
0.0516,0.0944,0.0622,0.0415,0.0995,0.2431,0.1777,0.2018,0.2611,0.1294,0.2646,0.2778,0.4432,0.3672,0.2035,0.2764,0.3252,0.1536,0.2784,0.3508,0.5187,0.7052,0.7143,0.6814,0.51,0.5308,0.6131,0.8388,0.9031,0.8607,0.9656,0.9168,0.7132,0.6898,0.731,0.4134,0.158,0.1819,0.1381,0.296,0.6935,0.8246,0.5351,0.4403,0.6448,0.6214,0.3016,0.1379,0.0364,0.0355,0.0456,0.0432,0.0274,0.0152,0.012,0.0129,0.002,0.0109,0.0074,0.0078,M
0.032536182645317234,0.05017205697728246,0.043450691531928626,0.009886390768685924,0.040981849657135215,0.09142081265189136,0.10423584189207821,0.08970357397397954,0.17457219017754813,0.2277829542842181,0.25128854227818626,0.3131971098262341,0.3819229142257616,0.4165345581225717,0.4181386166131439,0.38719000272786297,0.299166023159365,0.35804243029826827,0.47335238418447595,0.5380781452725661,0.5434655702792893,0.6082123796202236,0.6878882763287744,0.7299282601166746,0.7410497738025928,0.7337696172504352,0.8050174945129976,0.850900537455802,0.7997864034462756,0.6244340137016172,0.549156027065873,0.4773741778713753,0.41491812161516073,0.3777192941104799,0.20614595009523728,0.14100876445903093,0.18258070651722244,0.1645020237621279,0.29338740770235766,0.36613239326608404,0.28387285997278855,0.18451338271133233,0.11245749661436354,0.07044547427632751,0.06516008826657646,0.07015911677598222,0.08014334398219804,0.0820472861300249,0.04511456849126228,0.006061562370329284,0.01198040839823162,0.013825590286685398,0.010238017331690073,0.0054758071297686985,0.009004174702562782,0.006602094837095898,0.004585133239300079,0.005795554291502076,0.005686593138378844,0.007105646151830058,M
0.0491,0.0279,0.0592,0.127,0.1772,0.1908,0.2217,0.0768,0.1246,0.2028,0.0947,0.2497,0.2209,0.3195,0.334,0.3323,0.278,0.2975,0.2948,0.1729,0.3264,0.3834,0.3523,0.541,0.5228,0.4475,0.534,0.5323,0.3907,0.3456,0.4091,0.4639,0.558,0.5727,0.6355,0.7563,0.6903,0.6176,0.5379,0.5622,0.6508,0.4797,0.3736,0.2804,0.1982,0.2438,0.1789,0.1706,0.0762,0.0238,0.0268,0.0081,0.0129,0.0161,0.0063,0.0119,0.0194,0.014,0.0332,0.0439,M
0.04171151683723431,0.026330191849710645,0.04107990587402674,0.09193284853878975,0.14132776095499677,0.15394759941757863,0.17254834373746133,0.09557930041922647,0.1262630883043465,0.18156341057420866,0.1450464725214564,0.2502818059557716,0.24149059926301233,0.3035305448440045,0.2696833220725902,0.25345969544237357,0.2493552944306787,0.2824509008864667,0.2962093767213896,0.24756183203617782,0.34794129315835637,0.38954677823170586,0.42024998148673015,0.6035178757980831,0.6362322612599233,0.6179344411460532,0.699582568964084,0.7373046067760932,0.6099919984786467,0.4787453883082726,0.48896997550999816,0.45940427254091093,0.4463426001807956,0.4238216395757552,0.4394774307563743,0.4815137544797559,0.47653681145715093,0.42738618614148144,0.4163930095508754,0.4266475429716696,0.4853929813299384,0.40695993360324223,0.28551074399135074,0.18853830489872356,0.15909763120232095,0.2203760682778044,0.1823170087049681,0.14607512185769755,0.05819093340063678,0.019670426870582493,0.02116661429788909,0.0092714261451769,0.010153382728562916,0.011034907088889117,0.006604929271317182,0.007220997517834092,0.013458161007578996,0.00929091135206542,0.018946575659885275,0.027644698955535462,M
,0.0142,0.0181,0.0406,0.0391,0.0249,0.0892,0.0973,0.084,0.1191,0.1522,0.1322,0.1434,0.1244,0.0653,0.089,0.1226,0.1846,0.388,0.3658,0.2297,0.261,0.4193,0.5848,0.5643,0.5448,0.4772,0.6897,0.9797,1.0,0.9546,0.8835,0.7662,0.6547,0.5447,0.4593,0.4679,0.1987,0.0699,0.1493,0.1713,0.1654,0.26,0.3846,0.3754,0.2414,0.1077,0.0224,0.0155,0.0187,0.0125,0.0028,0.0067,0.012,0.0012,0.0022,0.0058,0.0042,0.0067,0.0012,R
0.0115,0.015,0.0136,0.0076,0.0211,0.1058,0.1023,0.044,0.0931,0.0734,0.074,0.0622,0.1055,0.1183,0.1721,0.2584,0.3232,0.3817,0.4243,0.4217,0.4449,0.4075,0.3306,0.4012,0.4466,0.5218,0.7552,0.9503,1.0,0.9084,0.8283,0.7571,0.7262,0.6152,0.568,0.5757,0.5324,0.3672,0.1669,0.0866,0.0646,0.1891,0.2683,0.2887,0.2341,0.1668,0.1015,0.1195,0.0704,0.0167,0.0107,0.0091,0.0016,0.0084,0.0064,0.0026,0.0029,0.0037,0.007,0.0041,R
0.0333,0.0221,0.027,0.0481,0.0679,0.0981,0.0843,0.1172,0.0759,0.092,0.1475,0.0522,0.1119,0.097,0.1174,0.1678,0.1642,0.1205,0.0494,0.1544,0.3485,0.6146,0.9146,0.9364,0.8677,0.8772,0.8553,0.8833,1.0,0.8296,0.6601,0.5499,0.5716,0.6859,0.6825,0.5142,0.275,0.1358,0.1551,0.2646,0.1994,0.1883,0.2746,0.1651,0.0575,0.0695,0.0598,0.0456,0.0021,0.0068,0.0036,0.0022,0.0032,0.006,0.0054,0.0063,0.0143,0.0132,0.0051,0.0041,R
0.0299,0.0688,0.0992,0.1021,0.08,0.0629,0.013,0.0813,0.1761,0.0998,0.0523,0.0904,0.2655,0.3099,0.352,0.3892,0.3962,0.2449,0.2355,0.3045,0.3112,0.4698,0.5534,0.4532,0.4464,0.467,0.4621,0.6988,0.7626,0.7025,0.7382,0.7446,0.7927,0.5227,0.3967,0.3042,0.1309,0.2408,0.178,0.1598,0.5657,0.6443,0.4241,0.4567,0.576,0.5293,0.3287,0.1283,0.0698,0.0334,0.0342,0.0459,0.0277,0.0172,0.0087,0.0046,0.0203,0.013,0.0115,0.0015,M
0.0249,0.0119,0.0277,0.076,0.1218,0.1538,0.1192,0.1229,0.2119,0.2531,0.2855,0.2961,0.3341,0.4287,0.5205,0.6087,0.7236,0.7577,0.7726,0.8098,0.8995,0.9247,0.9365,0.9853,0.9776,1.0,0.9896,0.9076,0.7306,0.5758,0.4469,0.3719,0.2079,0.0955,0.0488,0.1406,0.2554,0.2054,0.1614,0.2232,0.1773,0.2293,0.2521,0.1464,0.0673,0.0965,0.1492,0.1128,0.0463,0.0193,0.014,0.0027,0.0068,0.015,0.0012,0.0133,0.0048,0.0244,0.0077,0.0074,M
0.026107420431725516,0.04753330662433122,0.05816602047580913,0.026453233825312974,0.0799499787786783,0.16455370133779246,0.12295189461717541,0.11965121562948663,0.1897599769037893,0.2428563099692241,0.2510213761463757,0.31574300382804693,0.3515611031764835,0.36283300700802695,0.3939381854975668,0.43845416156837286,0.49515184633717324,0.5854103357580159,0.7462727372282095,0.7808225354830142,0.7820633051524282,0.7598059935728344,0.7059446229143441,0.6906250821796456,0.6782853696744555,0.6507564642951008,0.6080761144824764,0.5492449850647727,0.506924503246808,0.46792323137559266,0.4451479336724088,0.33850583065979334,0.39494680264160914,0.37903287625510457,0.24131312521511214,0.1932848919592474,0.2914268851808546,0.28655039779498664,0.3741329302534766,0.5035985193668495,0.467815679604196,0.4093505148306956,0.3320322797109666,0.26037593032714634,0.29551368848453846,0.26761241485488413,0.17646085311380805,0.10676497643892159,0.06666729681749023,0.028439833318885718,0.009181285917236921,0.012456243383004032,0.017927377461310838,0.014101407482929717,0.004312423836005054,0.00589396657732218,0.005683740613177495,0.004985770681587645,0.005326392974400882,0.006738559713063797,M
0.0095,0.0308,0.0539,0.0411,0.0613,0.1039,0.1016,0.1394,0.2592,0.3745,0.4229,0.4499,0.5404,0.4303,0.3333,0.3496,0.3426,0.2851,0.4062,0.6833,0.765,0.667,0.5703,0.5995,0.6484,0.8614,0.9819,0.938,0.8435,0.6074,0.5403,0.689,0.5977,0.3244,0.0516,0.3157,0.359,0.3881,0.5716,0.4314,0.3051,0.4393,0.4302,0.4831,0.5084,0.1952,0.1539,0.2037,0.1054,0.0251,0.0357,0.0181,0.0019,0.0102,0.0133,0.004,0.0042,0.003,0.0031,0.0033,M
0.0368,0.0403,0.0317,0.0293,0.082,0.1342,0.1161,0.0663,0.0155,0.0506,0.0906,0.2545,0.1464,0.1272,0.1223,0.1669,0.1424,0.1285,0.1857,0.1136,0.2069,0.0219,0.24,0.2547,0.024,0.1923,0.4753,0.7003,0.6825,0.6443,0.7063,0.5373,0.6601,0.8708,0.9518,0.9605,0.7712,0.6772,0.6431,0.672,0.6035,0.5155,0.3802,0.2278,0.1522,0.0801,0.0804,0.0752,0.0566,0.0175,0.0058,0.0091,0.016,0.016,0.0081,0.007,0.0135,0.0067,0.0078,0.0068,R
0.009169744409611982,0.01684966952165383,0.012814705663755721,0.0374122395005546,0.06570653652868037,0.07893735232946807,0.13005692666282784,0.16278253195349374,0.22017130814985897,0.24444980837066838,0.2567198504448285,0.2757259269224237,0.3049922675360265,0.3957957225575607,0.5336314717417621,0.645406881401808,0.7434171488245137,0.7019702234106695,0.6275624442711657,0.6060521928778857,0.630673779515093,0.7086124760318523,0.6457414714513386,0.6141959737893564,0.7462081318627403,0.8780664302397695,0.6897260887992182,0.5096969669509429,0.5785455275614488,0.6078379961931689,0.5046053846168267,0.33790241236797963,0.3419629637394203,0.34064288340303545,0.193067970321387,0.19227555175796476,0.18541432925298826,0.11598829216486697,0.16635463835253658,0.2956755472877952,0.2275105128930013,0.23422682761581035,0.15569224875887988,0.12678134612528572,0.16911077516174036,0.18863106328755247,0.15452579121223228,0.1156882797907775,0.06203213323326814,0.016984503467576437,0.009273714424141755,0.01108655091287985,0.005996594780492564,,0.006726030714369993,0.005420112041283081,0.006466503281690796,0.002399679220372376,0.004037862724421791,0.002379698974845713,R
0.016450837561885083,0.05374176142808683,0.055396758822479596,0.04730746194646987,0.13559146586285561,0.17062216678162412,0.1476823335152545,0.16826557410363835,0.05999353380827253,0.07661233644014936,0.1705109116146882,0.275013104694061,0.2291011906639038,0.18889165807776803,0.13322400959336414,0.17091363753154912,0.18975198187440678,0.3653852805277681,0.3870971115011731,0.4837758265093169,0.6616384134092594,0.6860383145682305,0.6416901204577016,0.7437193743893425,0.8418141832497096,0.81916612025388,0.6360885920164632,0.5203705970945709,0.5871574144435228,0.6547359421334554,0.6456581940548063,0.4726675503501157,0.5184501300288764,0.5488449418495573,0.6224495513800176,0.6534363858735791,0.5350450356260447,0.4202573817239123,0.3311029826933496,0.4844002451626865,0.48787265871149055,0.5888587172171985,0.5470779332804084,0.42380206429050343,0.31468713269732645,0.24138124184486673,0.15974234748179963,0.11381902374499692,0.052869084291592885,0.011953992491015662,0.011548900839380672,0.004941292555550655,0.011910426697015844,0.008212234300806646,0.012485126075921112,0.01131929651865225,0.005977278270908471,0.011573590323265968,0.01059085042746062,0.015241386251913312,R
0.028812354063054813,0.02100964540472593,0.032134591942800265,0.01706960312749126,0.04793089570543299,0.09634140539557477,0.10870850015868135,0.09443286896158323,0.11935547064833059,0.1980946058793707,0.2351502989974649,0.260145412024952,0.20304557639584433,0.15031741309521204,0.16965411945330297,0.17153985668766736,0.13769998565310643,0.2274021430828414,0.21949583473717987,0.2645212226831504,0.36443381441026,0.4256304624732299,0.5581140582236828,0.7122065336727471,0.8275476097912762,0.880732442944961,0.9351925216585988,0.9776559113418886,0.88192069198566,0.7020907340717073,0.6755031312313411,0.5668309762342386,0.4220735598762575,0.26836734684689945,0.14000821847289308,0.11245429697757776,0.1896113893291218,0.20699468487858472,0.2519458003344327,0.16427734327511428,0.21772750471554653,0.23612001323146714,0.16975000416309627,0.10891214339588084,0.07430390277829939,0.16082384147527454,0.16974284455447622,0.10555506325554889,0.039059534692465814,0.019338715773489685,0.019439005989106754,0.01427296167491919,0.007583819249332842,0.004932040542350673,0.005024128837362717,0.005461071462401175,0.005780178237150731,0.006609593432887256,0.00293438208061865,0.0020293424391636724,M
0.05433252173078581,0.039774055998237315,0.054725159803362664,0.05585667187207436,0.08942292874250099,0.0857168027466409,0.11028242308757989,0.07064263284256794,0.15147946442284332,0.12347288306978699,0.2444224691634286,0.2842862952141703,0.32955135644104105,0.37318013132663663,0.4579207148263066,0.5203239756838262,0.7137001343579104,0.8775893257881389,0.922710658173682,0.9076089589766371,0.8441356144694491,0.7773837354481768,0.7409337111933494,0.6805663858653149,0.6293199871890722,0.5615011746631131,0.4317000670249085,0.4095842070187924,0.38938933646350743,0.2838778812787141,0.30128938918692644,0.32405393160423246,0.32222376475236136,0.38717733212482286,0.40023721219120667,0.34172686927681584,0.3949535577484921,0.38179672440804946,0.4104104211248302,0.3028947883029169,0.25889341303242264,0.2916931784638321,0.21773597178440154,0.22405163851010904,0.15640107108956305,0.08764555919700691,0.05261450025937473,0.017853944729237244,0.03492377099218524,0.014341883611895406,0.008927568046325178,0.006049396940547753,0.005333735630464925,0.019791980715300382,0.019870916701306734,0.01050529631391862,0.00998907864420259,0.017187297221996915,0.011570373511472798,0.011105748481641883,M
0.03358373759588728,0.03163679732878729,0.02994038255358615,0.024381097146245558,0.0438286028696508,0.06608283337016892,0.09833593740167124,0.12283774487281889,0.20080434536212027,0.23489963197559374,0.19647840304560343,0.16242468611429067,0.1781111141857184,0.22181021476460003,0.19954066855630867,0.22273293424053972,0.37977374947721615,0.40734891552940744,0.2809756927449523,0.46111394350804036,0.5309863894412314,0.6186856984665854,0.7402380552279878,0.7472723089151222,0.7103405778202171,0.7321550306258044,0.9046618679435311,0.9159555539064764,0.7438644171883013,0.6082703717512793,0.552895578449012,0.5234785551110241,0.4164091919159029,0.36844287121955815,0.4122210399780592,0.47711063621378785,0.45773599644134444,0.33730269849413735,0.22376217352459205,0.20611085943595833,0.19867309665649005,0.1494069408682965,0.09695985147138719,0.05994620236737088,0.06228938712344209,0.05103139538893475,0.027904266358460106,0.018337040160026352,0.013865457087955037,0.004558970909106387,0.006289474464495644,0.003924191136938185,0.006662232121653951,0.005511315439164021,0.007047371275320117,0.003704443100733917,0.0033914407753590846,0.004231957298629718,0.009356163096024184,0.00691478099320178,R
0.03409691564567778,0.02295410609809585,0.03276434580313989,0.03176332838961736,0.13018126770259594,0.1323788990850818,0.09474572392893638,0.09282304058604911,0.14208131006173924,0.18562237836164605,0.2639176630571353,0.2511493313922585,0.2857009458669075,0.2982163803273489,0.4490044100993997,0.6995018059645783,0.8635572258951345,0.8476473903758014,0.7464282477338956,0.6801115942714385,0.6985022279049957,0.7825263678210481,0.5889507446925982,0.4830169766429318,0.669198444551938,0.7869575012244865,0.7601739621959973,0.6481128980434866,0.6205090480362921,0.5853753849485234,0.6003066663080394,0.474685496786052,0.4937755538501694,0.4658489168925201,0.3637101820599285,0.28177807654588366,0.28800816880683655,0.23857888572652186,0.26853099696331084,0.25547192802351004,0.2393757737904655,0.2459494906311142,0.1911335574987588,0.09953948831332425,0.1282575121461801,0.19004171883861395,0.16888192068390664,0.08603933238393284,0.0392358436872586,0.016700120764183913,0.007402712334846309,0.005795324481523939,0.003150329016210901,0.005581066815441838,0.009030779420482806,0.005548668792501728,0.008385546847819909,0.008546837939982054,0.005269011494127228,0.006474224835915201,R
0.0228,0.0853,0.1,0.0428,0.1117,0.1651,0.1597,0.2116,0.3295,0.3517,0.333,0.3643,0.402,0.4731,0.5196,0.6573,0.8426,0.8476,0.8344,0.8453,0.7999,0.8537,0.9642,1.0,0.9357,0.9409,0.907,0.7104,0.632,0.5667,0.3501,0.2447,0.1698,0.329,0.3674,0.2331,0.2413,0.2556,0.1892,0.194,0.3074,0.2785,0.0308,0.1238,0.1854,0.1753,0.1079,0.0728,0.0242,0.0191,0.0159,0.0172,0.0191,0.026,0.014,0.0125,0.0116,0.0093,0.0012,0.0036,M
0.1021,0.083,0.0577,0.0627,0.0635,0.1328,0.0988,0.1787,0.1199,0.1369,0.2509,0.2631,0.2796,0.2977,0.3823,0.3129,0.3956,0.2093,0.3218,0.3345,0.3184,0.2887,0.361,0.2566,0.4106,0.4591,0.4722,0.7278,0.7591,0.6579,0.7514,0.6666,0.4903,0.5962,0.6552,0.4014,0.1188,0.3245,0.3107,0.1354,0.5109,0.7988,0.7517,0.5508,0.5858,0.7292,0.5522,0.3339,0.1608,0.0475,0.1004,0.0709,0.0317,0.0309,0.0252,0.0087,0.0177,0.0214,0.0227,0.0106,M
0.04140080012219342,0.03964367064545321,0.01931619540282114,0.024898285182434372,0.03783482894818711,0.13241656895581277,0.15231450368425442,0.13409874052138257,0.1625986728930043,0.25754114432961683,0.287631804766619,0.25684124298068767,0.20285678997464826,0.093488827624692,0.10530936062397968,0.1748259456061231,0.20672407131831994,0.2549921527869654,0.19721092578224064,0.1511818298072245,0.35304294767061417,0.6135638284219522,0.7816205275923669,0.8454168391537628,0.9222830802935441,0.9769296071641339,0.9843802018285897,1.0040503448470293,0.8449754684889522,0.6746558212472633,0.7187372398928393,0.6716379516306862,0.4831202935676708,0.16618016387122794,0.10457327255052279,0.1165182708009153,0.09980346730451217,0.13790829966350893,0.1867436621778449,0.060337273338369336,0.14019002623893892,0.059515568810497944,0.0989538059580601,0.13180237711855053,0.09028977268874226,0.08748869712281415,0.12304371042091002,0.11109752196817516,0.0645731544089631,0.025551932632566443,0.017061895892499186,0.014511645518603759,0.005247197315736283,0.01007550173199845,0.005306692756605425,0.00935355205017592,0.011414439127229925,0.013143856244955437,0.011686081711336067,0.007315359421599277,M
0.0188,0.037,0.0953,0.0824,0.0249,0.0488,0.1424,0.1972,0.1873,0.1806,0.2139,0.1523,0.1975,0.4844,0.7298,0.7807,0.7906,0.6122,0.42,0.2807,0.5148,0.7569,0.8596,1.0,0.8457,0.6797,0.6971,0.5843,0.4772,0.5201,0.4241,0.1592,0.1668,0.0588,0.3967,0.7147,0.7319,0.3509,0.0589,0.269,0.42,0.3874,0.244,0.2,0.2307,0.1886,0.196,0.1701,0.1366,0.0398,0.0143,0.0093,0.0033,0.0113,0.003,0.0057,0.009,0.0057,0.0068,0.0024,R
0.038701223005814474,0.031219690906346072,0.06637450501712358,0.04961542774218597,0.05638752045168065,0.11797422197589003,0.10889272804564425,0.16655236254910435,0.1883328297211936,0.1700404678739826,0.2567935105541345,0.27590027873565576,0.23508988635646394,0.1965104441253043,0.23949647793957246,0.29488344074769013,0.36869090435468604,0.3578374089070112,0.4731366587327737,0.5400896565968386,0.3979678820004594,0.37239182654151987,0.6771593308140827,0.5774033673066804,0.38783275666444106,0.43156408477254166,0.4877176206819192,0.6120446832246302,0.6181757722026743,0.521459295098287,0.47209449432195505,0.43472029721779354,0.3554478818666379,0.4754558125002178,0.4695701749827361,0.530513118052099,0.5177484032468525,0.5289426200534776,0.49206197248613665,0.3640464507825818,0.3188173010726755,0.2605296164272291,0.22635930489450845,0.20640912596114025,0.1079413887847702,0.08226770927987885,0.08216762864429766,0.06087655352055955,0.036189576975784496,0.01790130953498909,0.023788335388572314,0.028331752603342125,0.01641029283692458,0.0029326462901212444,0.0073935182075510475,0.006812395035879512,0.005401362141792478,0.017151420214480288,0.01100968408387716,0.007372155866308741,R
0.025711275304871183,0.030564226281076724,0.01860407463468684,0.03995973385919106,0.03752545730226393,0.04385800685364228,0.08101533222966165,0.13530439534552055,0.15717363925595385,,0.24031508173918673,0.2112693688042401,0.14473140567695103,0.06268290405987459,0.15881428982097107,0.21979151351073187,0.2732663061571788,0.38854742742088505,0.4589273692838753,0.5327837691209346,0.6289624999195217,0.7848141775860543,0.8510841000580166,0.9074734471988141,0.9495814228139459,0.977217748348106,0.898615450828073,0.7265032788188588,0.6711372456564483,0.7677012339630352,0.68739364096304,0.4162782175286115,0.16860723725340412,0.17099010414780738,0.20657443851098706,0.22803479472777843,0.2756684397630653,0.18248346420785005,0.13711353705456625,0.13217150443798437,0.14307486926773422,0.25533641514985916,0.26804976138042363,0.18744935086774506,0.13326697094168807,0.14914322108063396,0.1198186956614413,0.027721228098586553,0.024512196550752,0.01570717383741434,0.019508802892021414,0.0159222247299207,0.015773658737715968,0.007298405700064102,0.0038292245928952264,0.006040039703065891,0.005548195978359223,0.004394117136946437,0.0063705773713257485,0.010638836084768531,M
0.04782854329897953,0.08515775645546761,0.18100917117505094,0.22853131644449948,0.2725074504493004,0.18974374882557205,0.05031072988466423,0.20068169605871453,0.10965101099240843,0.0784909323993062,0.14007722262453348,0.19840327261958887,0.26893202767824936,0.33011026363559537,0.4116017150409954,0.407277593785088,0.5289400678311044,0.6025229785135156,0.7291994722001903,0.8053450720017074,0.7952612156140646,0.8961089584672531,0.8676691174894914,0.8188896140813995,0.7521556762809797,0.6581283877915313,0.6171487585821803,0.49955058178321443,0.36013261745436376,0.3084920638993968,0.26950249728938547,0.2333410440955826,0.28693616911582015,0.29255714771611746,0.43890411541281416,0.45824671644595544,0.37834187513076756,0.41472208441169617,0.3523126199535187,0.2606758043806461,0.38536542498520326,0.5288602779277071,0.37522340590212233,0.20535557453212883,0.26964163009753966,0.2122525316486485,0.10759792138194621,0.08989848304789828,0.051390713782230237,0.015684245716396858,0.03087086022182141,0.028854767077836206,0.02143680818476902,0.024218381849108947,0.00820961119826276,0.012948500370477654,0.01780836947475105,0.014373257508912052,0.013144706741063642,0.004802470890694578,M
0.025717628931803616,0.04009880976629743,0.05236995010554795,0.03195876058431225,0.10070717841630217,0.13247520132103105,0.16674226458120114,0.2027667829641493,0.31602455398540713,0.22355004948726007,0.23674396143655832,0.2694921395101088,0.32667424528676986,0.22672684034865503,0.21576976532307154,0.3848585687906614,0.4656796059357447,0.4383061179023216,0.5798676286415599,0.5485742495133534,0.5672616528702216,0.4874165002619291,0.41993709755417474,0.5206971861542148,0.5910511653495568,0.5708197503045079,0.6240334499595012,0.6908609592186373,0.6266180007607431,0.33414338395133936,0.1866576293053111,0.2701045766432649,0.4434717364669142,0.6380261141962115,0.6985792953298594,0.7553090096265438,0.606968669370244,0.5006071722791836,0.426156591117862,0.2544732014719081,0.07055305456247861,0.2319372284358102,0.25217095984885746,0.36633096550359306,0.22012189761628945,0.1123829720710817,,0.1206626134771203,0.039093192248331354,0.026620022990491016,0.021002991340807114,0.003792198171868591,0.006993865948460552,0.01348854056106468,0.0078099335536505375,0.01725319950147441,0.017081595091864802,0.007672702860716783,0.008217469564310144,0.0034483586003262174,R
0.025032842984941517,0.020072475638159164,0.03708806890162448,0.025421735200556808,0.07334258180559475,0.1319574993813358,0.08711082331518735,0.14301527892256927,0.264677707497318,0.38661290894744893,0.5032689443673908,0.543948665843039,0.4929978628736805,0.3742698106786076,0.25015164461251665,0.2708025069080117,0.32085521087477464,0.3262197710323894,0.4751840694777689,0.6015329861500448,0.7795299177808954,0.9013746416789581,0.8664450062587186,0.8583868218806657,0.8420018407262359,0.8103702491850465,0.8524950244508188,0.8355315272337033,0.6615156403907252,0.4592735980669573,0.3546070826979885,0.41718556305442733,0.4209422034430578,0.3293087211780721,0.14102389553249872,0.16655417640550674,0.2564937713174811,0.28478113903804003,0.5378726941826647,0.5347262222456793,0.22800544567531456,0.15352044697746586,0.33020186886615166,0.4034864791760062,0.4406974147794038,0.27327891230133555,0.13764069090066827,0.10744745173284401,0.06992140601309547,0.016881159048644623,0.01938032642440631,0.01310577721039407,0.009196912571423946,0.008870954402941538,0.011957989844737432,0.007866777486566796,0.005702455338690285,0.008629597369922377,0.008789645290788652,0.006045117273988989,M
0.028002348573800857,0.0274654930589567,0.05043226489131666,0.07543943382545926,0.09038166461775027,0.11681064543544945,0.17845040458460257,0.1758746762434804,0.2007274950449192,0.21752145287623595,0.31043776237611126,0.3380853892479646,0.34091168055054005,0.3880770444885328,0.4340816730677789,0.3463415728819068,0.3401344227993109,0.4154057575724655,0.5187349976947239,0.5176187355718957,0.570184518627445,0.6436117103594641,0.7166483206191392,0.7973887051926686,0.764356606091369,0.8216618165083458,0.9045446619773543,0.833963571827331,0.7365811012069257,0.6039588229202456,0.5305575466812475,0.39914303294936754,0.2605329372846659,0.21944249053926618,0.20009037758330714,0.13727828073116652,0.13305004191944922,0.1521945957326157,0.22059236968933799,0.22255947849909766,0.2638475459245122,0.28015210128444684,0.12560573838980044,0.11615113880699394,0.13666188966905657,0.15812928359819728,0.11969402656375894,0.075762370347512,0.029601388606192273,0.014612764638524607,0.016910556345461705,0.020427778812168004,0.006542421832108027,0.017916265950938783,0.008329541791384714,0.007875758492433065,0.008534080129953632,0.006297351771649278,0.007428857413249787,0.004592734008000178,M
0.0096,0.0404,0.0682,0.0688,0.0887,0.0932,0.0955,0.214,0.2546,0.2952,0.4025,0.5148,0.4901,0.4127,0.3575,0.3447,0.3068,0.2945,0.4351,0.7264,0.8147,0.8103,0.6665,0.6958,0.7748,0.8688,1.0,0.9941,0.8793,0.6482,0.5876,0.6408,0.4972,0.2755,0.03,0.3356,0.3167,0.4133,0.6281,0.4977,0.2613,0.4697,0.4806,0.4921,0.5294,0.2216,0.1401,0.1888,0.0947,0.0134,0.031,0.0237,0.0078,0.0144,0.017,0.0012,0.0109,0.0036,0.0043,0.0018,M
0.015147443075891765,0.014221265991037513,0.01329584316221989,0.038468766253598574,0.050348905575489974,0.09043221923880564,0.09423230748102061,0.06289719734899277,0.06276403819692498,0.13160733545689338,0.20698868920893435,0.19275761321713994,0.2286504330244322,0.17113435419312656,0.13869941265410796,0.213526631455037,0.3402874494259082,0.42327271513894316,0.5355677543383557,0.6056372342617526,0.7091786740275282,0.8072864987554482,0.7941054306125702,0.723359722948503,0.7530241976905392,0.8095367935755293,0.7990566743084911,0.7578486499748283,0.6959619431580597,0.511422170858171,0.19833260261720306,0.3102498554706288,0.4670402890148528,0.5539611536297157,0.7059291063122171,0.8298018245192365,0.7222586611087829,0.5390865466035835,0.3668176993129444,0.23571333317794865,0.24280595413385672,0.3031994368744374,0.37281104429555384,0.40017874128209324,0.3601234121392528,0.21906892733847408,0.10086109252689208,0.045351286042358274,0.03238804343301118,0.010649673005012702,0.007273936781981202,0.010008209004838937,0.004276126549341784,0.0046078439988208025,0.00223054861288013,0.001336336911264761,0.0038279551899888897,0.0027481521022280665,0.003265622089887197,0.003528874176767613,M
0.01891798613070387,0.021567589631632668,0.025064406030062162,0.033612591331555836,0.06865012498577763,0.0731922723417186,0.09180531918737819,0.10823272045756913,0.22923659501709373,0.27309782661069143,0.2337839299640987,0.30151231398234707,0.28271235939240724,0.23879388691394837,0.14246232211731788,0.15651783997215735,0.15840175275281218,0.2661049236624877,0.3796086378109563,0.4084127675042273,0.40329410093827034,0.4752251159298671,0.6050474161602362,0.7334491892536296,0.7901647191602921,0.8535438233142046,0.9225870897481304,0.9486251856681983,0.8777334668808201,0.7786290553965609,0.6742345489324053,0.5975305072644358,0.48756911222866245,0.41248538234386195,0.41900153128545653,0.4299418577801462,0.43606812700107284,0.38760235702210616,0.3453127751281626,0.3513653526656836,0.3306141966157948,0.32029993356384295,0.3602255384941221,0.41833298187156426,0.4223611707304033,0.36304329712447897,0.29212996094842864,0.20184861060457898,0.10382787011214363,0.029704300959240263,0.027646316370898632,0.018465439402144575,0.006344046754796591,0.004190514055388949,0.005962583825804966,0.007644607263416549,0.005282643908027551,0.005301147631242369,0.003843343756288727,0.0024508849261897867,M
0.027464923587893462,0.034790609929288854,0.03173985835850222,0.02810711511391055,0.041583017132485765,0.11023658768191667,0.10067729653692423,0.09478274722200573,0.09911638344416732,0.13296912440474262,0.15749280816108266,0.1795116647006509,0.1793512542386954,0.20239766727551015,0.26061675581571003,0.25746859038453573,0.25646166508914836,0.27975209665029155,0.2687161787293731,0.34340974551120584,0.40990708925214636,0.35463722224932365,0.41326419750657,0.60608401248557,0.8495809650805726,0.9612268998466409,0.835468814224971,0.6535284105011749,0.4786065881868944,0.34876631776594724,0.3360363174337328,0.3655896431065751,0.36115702689675794,0.38887936179636495,0.45375615392511254,0.3861642879881501,0.2663066861964056,0.08020564592843854,0.12404471870652763,0.2428699704858053,0.3138113342291314,0.2780581100764691,0.23213501545044904,0.18243850337043413,0.10933189059419951,0.05839739432961585,0.04476644889493004,0.0444854023811461,0.039061485598412486,0.01651901341860849,0.007879739551368463,0.011642996708455793,0.006987203161934039,0.009288039627988433,0.007015794529800439,0.007525019995258532,0.009531364673044098,0.004801570216284459,0.0027758812585436956,0.0028953635264413564,R
0.04823038420839021,0.09666470554394771,0.10343145089380415,0.12867277584204753,0.11931057282600994,0.06159784506519619,0.09465209694444353,0.06997765417585831,0.1275595822905822,0.21556253647698312,0.2996792518834119,0.3903015273393439,0.46025897055153203,0.4437359164712713,0.5237520981136042,0.588720461759135,0.7287835725119619,0.7444902355209274,0.7222546318952647,0.6632503478567943,0.6506203089096649,0.49295610878393625,0.34828627796105877,0.39643508070369315,0.353950624821507,0.3163187797312863,0.350775608931999,0.3853407349440445,0.38412413648042437,0.29822555422884706,0.3605221323215767,0.360271328136506,0.3535883507722153,0.4232781411878284,0.43513421004473835,0.24604751651940576,0.16037377425455865,0.2382045515821661,0.295366367579476,0.20745699552134575,0.13433847161651863,0.09882552825936869,0.08817352982311001,0.08449948916397264,0.060729480713209424,0.0867371911898666,0.13002406751776951,0.11965367882086525,0.0698910738000715,0.024036160298237744,0.021064972492696895,0.02872127589734794,0.009950137392304012,0.008680034864745995,0.014226563184930159,0.010109765761972995,0.004251614920025904,0.008925960860025605,0.018516103297505755,0.010082921397427506,M
0.1371,0.1226,0.1385,0.1484,0.1776,0.1428,0.1773,0.2161,0.163,0.2067,0.4257,0.5484,0.7131,0.7003,0.6777,0.7939,0.9382,0.8925,0.9146,0.7832,0.796,0.7983,0.7716,0.6615,0.486,0.5572,0.4697,0.564,0.4517,0.3369,0.2684,0.2339,0.3052,0.3016,0.2753,0.1041,0.1757,0.3156,0.3603,0.2736,0.1301,0.2458,0.3404,0.1753,0.0679,0.1062,0.0643,0.0532,0.0531,0.0272,0.0171,0.0118,0.0129,0.0344,0.0065,0.0067,0.0022,0.0079,0.0146,0.0051,M
0.0123,0.0022,0.0196,0.0206,0.018,0.0492,0.0033,0.0398,0.0791,0.0475,0.1152,0.052,0.1192,0.1943,0.184,0.2077,0.1956,0.163,0.1218,0.1017,0.1354,0.3157,0.4645,0.5906,0.6776,0.8119,0.8594,0.9228,0.8387,0.7238,0.6292,0.5181,0.4629,0.5255,0.5147,0.3929,0.1279,0.0411,0.0859,0.1131,0.1306,0.1757,0.2648,0.1955,0.0656,0.058,0.0319,0.0301,0.0272,0.0074,0.0149,0.0125,0.0134,0.0026,0.0038,0.0018,0.0113,0.0058,0.0047,0.0071,R
0.0123,0.0309,0.0169,0.0313,0.0358,0.0102,0.0182,0.0579,0.1122,0.0835,0.0548,0.0847,0.2026,0.2557,0.187,0.2032,0.1463,0.2849,0.5824,0.7728,0.7852,0.8515,0.5312,0.3653,0.5973,0.8275,1.0,0.8673,0.6301,0.4591,0.394,0.2576,0.2817,0.2641,0.2757,0.2698,0.3994,0.4576,0.394,0.2522,0.1782,0.1354,0.0516,0.0337,0.0894,0.0861,0.0872,0.0445,0.0134,0.0217,0.0188,0.0133,0.0265,0.0224,0.0074,0.0118,0.0026,0.0092,0.0009,0.0044,R
0.007373651297542218,0.035365948635645975,0.02652430778767192,0.06330469387979457,0.09956334798327321,0.10873905818525591,0.10891272708443288,0.15112432170049078,0.22732373410257375,0.23712085000807473,0.2778162345144448,0.2992443210078506,0.2713102301049416,0.2294795202983463,0.15749869762419208,0.169666890445233,0.2443164849416684,0.28594263326528274,0.2597928536573992,0.24621274120988357,0.2414679252211042,0.28057179284116207,0.42590585856540697,0.5775251146644618,0.6744696278463864,0.7846752734213548,0.9144151989302034,0.9771920937654651,0.9122476847609394,0.8030707501979751,0.7446664910440213,0.6190101914203018,0.4967057650481761,0.4046682825186369,0.41022281785245296,0.3892998408536595,0.4296911084867107,0.33207054783369516,0.34096570025634143,0.32256846802765893,0.2975932505607916,0.3279556731629286,0.2853968214996796,0.2734749690306718,0.23451051864839553,0.20914233769443427,0.16851434961844422,0.1299968269440729,0.06969662559628466,0.013671704153578785,0.014131440307877502,0.011343555906991104,0.00839583412746334,0.00921319478250301,0.004507684910357707,0.00909485345586507,0.005256699363215066,0.004078337015281735,0.0027006088660052334,0.001965648971099399,M
0.034,0.0625,0.0381,0.0257,0.0441,0.1027,0.1287,0.185,0.2647,0.4117,0.5245,0.5341,0.5554,0.3915,0.295,0.3075,0.3021,0.2719,0.5443,0.7932,0.8751,0.8667,0.7107,0.6911,0.7287,0.8792,1.0,0.9816,0.8984,0.6048,0.4934,0.5371,0.4586,0.2908,0.0774,0.2249,0.1602,0.3958,0.6117,0.5196,0.2321,0.437,0.3797,0.4322,0.4892,0.1901,0.094,0.1364,0.0906,0.0144,0.0329,0.0141,0.0019,0.0067,0.0099,0.0042,0.0057,0.0051,0.0033,0.0058,M
0.014732071530090587,0.022496120972694728,0.016834034691071392,0.05787027930759254,0.1013630249495353,0.11817466361421654,0.1458000610063561,0.18959507406664014,0.24183659551128556,0.2950167350387308,0.32580639766169583,0.3373924967372295,0.34023731878064145,0.47504987835737567,0.655295976646453,0.8133965108926807,0.9329601990490969,0.9087523564298053,0.862725558462862,0.8359053865041794,0.8544844648432183,0.8821893297816787,0.7026620448252436,0.6011492282657305,0.7391508158554598,0.8351931120992468,0.6256969938002349,0.4670452411097093,0.5573277295262159,0.5895049696762551,0.5169216327476962,0.45531627047206147,0.44974894314830516,0.4616593802161641,0.3047606753772705,0.30931458565535463,0.30845344450144047,0.1349711646924853,0.22759860768138926,0.38698848769388866,0.252758211401756,0.2336537707485638,0.15230134750545096,0.1515361107947957,0.18229114446695588,0.19384125843104286,0.17319217761138242,0.1318048632202653,0.07042921173128382,0.017716914652130475,0.010947979417106395,0.013930516647180178,0.008614466758400238,0.009056725335226183,0.007813260315369054,0.005832041497437223,0.006759421010854466,0.004233717109514584,0.005375670658337473,0.0019774727813065213,R
0.0454,0.0472,0.0697,0.1021,0.1397,0.1493,0.1487,0.0771,0.1171,0.1675,0.2799,0.3323,0.4012,0.4296,0.535,0.5411,0.687,0.8045,0.9194,0.9169,1.0,0.9972,0.9093,0.7918,0.6705,0.5324,0.3572,0.2484,0.3161,0.3775,0.3138,0.1713,0.2937,0.5234,0.5926,0.5437,0.4516,0.3379,0.3215,0.2178,0.1674,0.2634,0.298,0.2037,0.1155,0.0919,0.0882,0.0228,0.038,0.0142,0.0137,0.012,0.0042,0.0238,0.0129,0.0084,0.0218,0.0321,0.0154,0.0053,M
0.0394,0.042,0.0446,0.0551,0.0597,0.1416,0.0956,0.0802,0.1618,0.2558,,0.3404,0.34,0.3951,0.3352,0.2252,0.2086,0.2248,0.3382,0.4578,0.6474,0.6708,0.7007,0.7619,0.7745,0.6767,0.7373,0.7834,0.9619,1.0,0.8086,0.5558,0.5409,0.4988,0.3108,0.2897,0.2244,0.096,0.2287,0.3228,0.3454,0.3882,0.324,0.0926,0.1173,0.0566,0.0766,0.0969,0.0588,0.005,0.0118,0.0146,0.004,0.0114,0.0032,0.0062,0.0101,0.0068,0.0053,0.0087,M
0.02292662411774328,0.013301542948825369,0.01731537535545234,0.050009708234278874,0.06151954508442093,0.09746205216545487,0.10089876782935155,0.17926047819421892,0.25799633774706265,0.23861506798418505,0.2709182953378433,0.27573055206979025,0.25902865183447116,0.18789089489420216,0.09841541952212329,0.28632036421165713,0.4047970014902112,0.5265665892267933,0.5684172083745543,0.539293264990674,0.531004742474414,0.5420420127991473,0.6245013957713021,0.6982105849503885,0.793050275721244,0.7852187876500725,0.6417020885934872,0.605336570662008,0.6045437281181761,0.7439360815596887,0.8331749209929488,0.8323641206315013,0.8130177075741183,0.7564404933460238,0.6675150198460977,0.5993119009020993,0.4323190375599021,0.41340002373745305,0.4767036241629599,0.536899577239219,0.4823963191725708,0.35417138667092773,0.2891872989706613,0.2603702581411259,0.21149582617048857,0.15019766925217834,0.10953221464761294,0.1312263626392157,0.08367222918524225,0.022051797850596976,0.01882607127692384,0.014603680694443339,0.009401326623637218,0.004384514454278554,0.0066657669554057875,0.004334013386832188,0.003356261632733796,0.00615146185503301,0.0053088533906447055,0.0029606855941682426,M
0.017614773785107517,0.022349697837572645,0.016112479060547653,0.02638423112473054,0.052130129365383464,0.05039314602658901,0.052928737876608734,0.06579824890135605,0.10407468434732581,0.08377605603851007,0.13031120170430976,0.2071680472052312,0.274212335844065,0.3140311273732295,0.33107887561575955,0.4238997307802863,0.33813712708678106,0.3744650084923496,0.29228780351477834,0.32035966672224314,0.34439337230892925,0.445505657062068,0.48204799500160905,0.5806943274591118,0.542459856498828,0.485868223645002,0.487837156960284,0.6275463561570314,0.8248392098261845,0.7101998483412668,0.5177178816722661,0.35985544751439624,0.3960801268299111,0.3754983533000913,0.2515722623146673,0.2767110400004058,0.25774650616210687,0.3099689129448329,0.37552000675852754,0.2936293657433596,0.200994298329111,0.1616749670194255,0.17317428703367013,0.13795611710610942,0.08109059539956533,0.11126512831050919,0.12065215063894194,0.06867313979717454,0.03459796653597237,0.020622235369027887,0.012097548570822632,0.016213745854712868,0.018925435152527283,0.00940493810142213,0.015412217453793245,0.008252243092149307,0.005804680048142047,0.0052124532269918296,0.006070220599779976,0.005144008578056987,R
0.020890468756820154,0.04365672635629032,0.06487372358485682,0.06590840990317572,0.09388773042511166,0.10937879678063306,0.06483514120298245,0.06631520254403964,0.1363726822596622,0.19688773414542046,0.15852539760911627,0.11826070072758618,0.14378933359757845,0.3027264240559758,0.37307116296992177,0.34539244796120244,0.33936092225189424,0.35525524177329765,0.3347047621708694,0.44314448051885624,0.6003358706154824,0.7319881836052493,0.7520504750203556,0.6289533620418593,0.7124352232489369,0.802434723669404,0.7761185612037916,0.7550531601931568,0.5338916468436892,0.48337503501493767,0.6144777832416337,0.5492637819982054,0.33499720811869177,0.20809150882461921,0.20280350680196144,0.33129050578074815,0.3809990790954272,0.3293180415749088,0.39133063278163477,0.3699357073054606,0.30654165392213717,0.25136571495762644,0.23270473336900505,0.17172592743457402,0.1400077955305479,0.09939756635158684,0.10059618894448223,0.08451624818153035,0.03998208129253735,0.021727820377793746,0.015878992691273415,0.010892918165113764,0.011790240020726983,0.006539545954887223,0.004164080091136285,0.008455767275182786,0.011854629057555917,,0.003078094861051008,0.007935017106547008,R
0.02074408748545365,0.027061075065262903,0.04889739434601733,0.04950880381352343,0.043958529229811104,0.08627756477567618,0.05155095413414703,0.06454440611839475,0.12702737332953953,0.12252275041653372,0.08919870925171666,0.062434359411964575,0.04411575600856221,0.12293338790642179,0.09017441569990962,0.1374522475617445,0.1810181316992479,0.2858749399059985,0.34780179061851113,0.43170662514807623,0.4722427722183887,0.4334513949187286,0.48092052671211283,0.5719173635196615,0.5394317179707593,0.6315798294507637,0.7293072140302257,0.8157402338889366,0.833034992233564,0.7177822898433619,0.5268580958366024,0.38410605766847333,0.5080740391504848,0.5591122196125675,0.44365420291604096,0.4823440495529204,0.5367605363434927,0.49487282592475784,0.36360348643480117,0.25514414808602504,0.21632815220109738,0.08212756436605048,0.026516015415615504,0.020966763951264747,0.031113997158980135,0.025264721343698584,0.012110821733569557,0.01199408515183645,0.005605816083356682,0.0024175218290577393,0.0009237374366204656,0.004941965157623152,0.015364603337540398,0.011438453146925317,0.0048684329009724475,0.00911833291810682,0.008948649935518782,0.006218872799755018,0.011195011378623903,0.008348405796483023,R
0.0228,0.0106,0.013,0.0842,0.1117,0.1506,0.1776,0.0997,0.1428,0.2227,0.2621,0.3109,0.2859,0.3316,0.3755,0.4499,0.4765,0.6254,0.7304,0.8702,0.9349,0.9614,0.9126,0.9443,1.0,0.9455,0.8815,0.752,0.7068,0.5986,0.3857,0.251,0.2162,0.0968,0.1323,0.1344,0.225,0.3244,0.3939,0.3806,0.3258,0.3654,0.2983,0.1779,0.1535,0.1199,0.0959,0.0765,0.0649,0.0313,0.0185,0.0098,0.0178,0.0077,0.0074,0.0095,0.0055,0.0045,0.0063,0.0039,M
0.035101434439854126,0.05289563058490602,0.12407161386986024,0.17059424937191264,0.21904842417146006,0.18264537380823698,0.10511307400511154,0.21210451957787754,0.16031364005796964,0.13640622083703216,0.14454019160930773,0.15991443692124493,0.2720123224232287,0.3553595919211713,0.46561268658837085,0.5314814554228277,0.6257803330490939,0.7247177733417649,0.8463208803837926,0.8901995859107141,0.9363822469022943,0.9928085141755421,0.9124443244355556,0.7913194547859309,0.6918105273411438,0.6324489049540529,0.6690233012958408,0.6256872366819658,0.5016871341855834,0.3778922713304101,0.21514068107241727,0.1786721100528331,0.2080206596695291,0.21528930766582385,0.31120074779264917,0.32565947171489845,0.2906011541118956,0.29648885339257225,0.25824928620708953,0.2317074143150636,0.28874013351717237,0.37718662139539494,0.24552629994021877,0.15341044620024138,0.19751960131565535,0.15227639337755405,0.07726071742481483,0.06348538817444391,0.03932977560958749,0.009862503011127118,0.018768609608535786,0.016082188429999422,0.012383517280674588,0.015116539032876106,0.005094150709034964,0.009824943010482793,0.010415431788448358,0.010523058432210602,0.008849775632937507,0.005438498049447948,M
0.03159927896414028,0.032335814155871785,0.02832921239521578,0.07883295079786383,0.1348884758733253,0.14885857807877606,0.09792096391395964,0.1314880352890299,0.1491993677418887,0.2256549091891618,0.2519747947999108,0.23156765443858035,0.16519628004431144,0.3307999590060804,0.48536347365481697,0.7017563297933517,0.7350910589776486,0.8079845376272042,0.8552870577485993,0.9259307846473338,0.9981051744030952,0.9077447362080571,0.7378314293496037,0.7045984445227987,0.8482150550087078,0.8134015405670088,0.6594547384917595,0.4670667626594003,0.3127225922266499,0.21205081927997277,0.30420324776503804,0.49880817468996647,0.4803730600197804,0.5817198710205442,0.5705318020504024,0.521120709940993,0.4253082089560784,0.1249713640939583,0.36250991358605944,0.5142101361866547,0.34514180122959237,0.25085295059767637,0.1842944998086176,0.23606328509522714,0.13036680417813856,0.09394310782659712,0.10264884539945417,0.06842916817048193,0.037615112294211626,0.013451447288257309,0.006039517236890047,0.01612672541149199,0.012188234696911032,0.010844310071480266,0.00739796027975084,0.008283655817812714,0.005947343581700331,0.009069801946542725,0.006090702715449739,0.002885679946961896,R
0.03350225523400877,0.04205854249681083,0.06552815793140676,0.06127565524879263,0.10171437650636293,0.20097539510791743,0.16397149415234358,0.26893694821938124,0.2663759466414206,0.2344023165991076,0.3632561495999023,0.48255646363434557,0.5074136146463475,0.5616629266552587,0.5221621019565724,0.6895620109521131,0.770706515813242,0.7036121420311422,0.6611378068978522,0.6917614369062522,0.5596920874428856,0.5422757057226388,0.5660768044107332,0.5378304144702206,0.4773972410521025,0.4926576434483169,0.539226936662767,0.49688343432933263,0.5933586411036341,0.3926140814690722,0.4813771449396979,0.41685941198784227,0.34429957306280073,0.3796939188435774,0.3199895000254823,0.49867433635870606,0.44784919147434116,0.22656096270128165,0.23981062556920305,0.20984592210987876,0.1688307553261206,0.07205054717775318,0.11974632953374832,0.1375270668781434,0.05106763073975257,0.023671987418469525,,0.060040853450054624,0.03128224753023217,0.007276582591652212,0.010024657517346183,0.007810321021319089,0.007855890953267374,0.00399360234443982,0.00687576905735379,0.01407058050028653,0.011307386182071668,0.005006660360449551,0.004316820446757012,0.0038363772614508304,R
0.006785009413357898,0.006082953186840065,0.021169202179168824,0.032065367510376405,0.022983691868666493,0.04713368120702772,0.052974469466478026,0.03964969273683808,0.04649011079224149,0.060166535146192704,0.058579880333326985,0.0941864775640711,0.13445038141662174,0.1392648337610038,0.12288233953014847,0.1709311936975811,0.20002522383295268,0.2255512265391522,0.20071873438286889,0.18830338094672353,0.26583079750584127,0.3947289515844836,0.45012035562296865,0.5780255211955506,0.6785656842675855,0.7878752039162638,0.8120829751786445,0.7777286397169195,0.7373321412338503,0.7027630246560754,0.6561409191019268,0.6209279879270992,0.599203199361611,0.5511737686146762,0.5068052779347731,0.47003193973034624,0.42841428499326845,0.4478903157098531,0.4477622098315007,0.40485071454753707,0.2795233467890169,0.1345460740285184,0.13591620375026262,0.11443565257707895,0.10234244699861327,0.06212584277805569,0.040564105044127725,0.03889428843103524,0.017977649404698346,0.007411655934962531,0.007987334399907325,0.006109052359436163,0.008624119292677594,0.004738392784658441,0.006283548999692236,0.0073073732989161035,0.004612678800211394,0.0006814506606097147,0.005217335139392117,0.0030890584097552215,R
0.0246960211633008,0.04756847409092361,0.03022705569840953,0.048867784633850754,0.1078926822642662,0.08119999274946722,0.0751359466933406,0.10787064263261537,0.2241846898902677,0.22927208758975468,0.25849934375566147,0.2731597085028145,0.29666049811247486,0.26808518807516823,0.2741581845615589,0.31218843338351093,0.4043462257786933,0.5132568716426333,0.63787946044093,0.7264934945790927,0.7076172161148814,0.5953477048512577,0.5563342605809434,0.6080356099319977,0.719815454094232,0.8957680865632557,0.9851298885999272,0.9619277552682769,0.8407785610341001,0.6949804234035503,0.5568118953888624,0.5030048360477537,0.5324238162590569,0.4083956096954809,0.31738527173446696,0.26823220013079524,0.3335459460047917,0.36357495133346596,0.32832064765595687,0.2807635708686334,0.3349657106379541,0.3285301177063171,0.28257491292112685,0.2084656917764708,0.13224366677132132,0.10157256300829601,0.08463919715296479,0.06370370605778236,0.029457264267940684,0.008973944178914553,0.013373282576287069,0.008623490571910645,0.011626340128229929,0.01010658977860159,0.006605361462354403,0.006019577737722565,0.0038138482832586087,0.003931824022238092,0.007392052201168487,0.002698205786788285,M
0.007433296263470331,0.011693137991302213,0.010936169103593065,0.023900259473675283,0.03794423723507805,0.11439295459236556,0.11408723151314516,0.07382655236860758,0.1092636250502806,0.07860344511344133,0.0806747993270861,0.09637210892362161,0.1331078876164067,0.13638007878096992,0.18133738531535074,0.21927613415514638,0.23395586212999386,0.2815272123882515,0.2807908098220179,0.2852475828736016,0.331437398006403,0.29294485843473095,0.33731452365068776,0.4874300492100655,0.6551243065684494,0.771354918033587,0.7998202443980591,0.7987165463792272,0.7750136548869617,0.6431035647924563,0.5627820231883124,0.4677886425286149,0.443375249424568,0.41307968659896566,0.43488174901203475,0.3859842068236638,0.2964910440704262,0.21612326998410086,0.14376654275403572,0.14392719950290964,0.16654439467742527,0.22615275703234436,0.2317943529384964,0.18869734019860301,0.15977119433385775,0.13109113285861307,0.06694801815369437,0.07951874160768925,0.05065286235707997,0.010743687633844937,0.00940007295377061,0.010495782314733294,0.0037007749140481627,0.005965312659780288,0.004937147798575818,0.0015230572134922063,0.0023713243695670312,0.004334414671204455,0.004657476741835192,0.0028965074193419487,R
0.03581427701059597,0.031070499940470814,0.05461097940754529,0.05582829679979904,0.03522088719243619,0.08092338057310274,0.09703736362849667,0.11384738087113498,0.15581208350667322,0.23142862068962552,0.20048942093632097,0.19420885704369664,0.1902410614348995,0.09706350551349802,0.07658030795313332,0.1280925062551078,0.1371583151000309,0.15373226478839078,0.23698350258823386,0.3540943943702842,0.409581054059758,0.4918067619746607,0.5181806348929964,0.5106318084192003,0.5875751431051779,0.6338719367741796,0.6510597600928223,0.7375629151593768,0.8322676745429364,0.8766722534712139,0.7860686965691706,0.5714320358188623,0.41131001270610057,0.2696515320290924,0.20059808962526823,0.1287940551552184,0.2646525175127799,0.3583217591186336,0.41118361885091387,0.396711789865403,0.3011748338702084,0.2544258126284408,0.21789306794271143,0.24559699738886057,0.30052774516759834,0.28185524565756787,0.2560370915282846,0.18341485634195673,0.09355137719636923,0.029239902965992638,0.012180493377057535,0.015942559115050037,0.004151613891846226,0.006757975411589112,0.0052112914216344884,0.008993746132615098,0.007721574490599054,0.006375270249828618,0.006309586775016448,0.0045483968817380295,M
0.0163,0.0198,0.0202,0.0386,0.0752,0.1444,0.1487,0.1484,0.2442,0.2822,0.3691,0.375,0.3927,0.3308,0.1085,0.1139,0.3446,0.5441,0.647,0.7276,0.7894,0.8264,0.8697,0.7836,0.714,0.5698,0.2908,0.4636,0.6409,0.7405,0.8069,0.842,1.0,0.9536,0.6755,0.3905,0.1249,0.3629,0.6356,0.8116,0.7664,0.5417,0.2614,0.1723,0.2814,0.2764,0.1985,0.1502,0.1219,0.0493,0.0027,0.0077,0.0026,0.0031,0.0083,0.002,0.0084,0.0108,0.0083,0.0033,M
0.020825390909177403,0.03937985932121618,0.05721249453859326,,0.11416708658996932,0.16380786350562668,0.17332478869127882,0.23911797306534555,0.3200184935587787,0.4799931346352664,0.5606839853143749,0.5497231860638018,0.5068626839702708,0.36651104369841775,0.25730318472023145,0.31348519818331105,0.3016661095273604,0.32341642149758776,0.5345111949000125,0.7393932573981572,0.8617865557385641,0.811289872893353,0.6864458038554224,0.7244250088096543,0.7459041626789302,0.8399863468793553,0.9356709639910593,0.9857229514307561,0.8432492885251582,0.5470826364992543,0.4224687290337189,0.4237132792373995,0.3398576785945427,0.29119267218052697,0.11360192410392746,0.32002904891759726,0.24211994017943747,0.3701958349662168,0.612612340741995,0.44881835777667745,0.17278775209350059,0.40591036281515375,0.4710797074466538,0.48057889456417224,0.42089019916769793,0.14598249221956244,0.12987685077080724,0.18120110949545673,0.10222832159638787,0.023826180135456933,0.033166161697480365,0.019348421598397877,0.015110700094448625,0.014273998654604183,0.011778258027310628,0.003164791412706467,0.0070153898465171805,0.0030596518310450124,0.005175790152416741,0.004189277167209693,M
0.1088,0.1278,0.0926,0.1234,0.1276,0.1731,0.1948,0.4262,0.6828,0.5761,0.4733,0.2362,0.1023,0.2904,0.4713,0.4659,0.1415,0.0849,0.3257,0.9007,0.9312,0.4856,0.1346,0.1604,0.2737,0.5609,0.3654,0.6139,0.547,0.8474,0.5638,0.5443,0.5086,0.6253,0.8497,0.8406,0.842,0.9136,0.7713,0.4882,0.3724,0.4469,0.4586,0.4491,0.5616,0.4305,0.0945,0.0794,0.0274,0.0154,0.014,0.0455,0.0213,0.0082,0.0124,0.0167,0.0103,0.0205,0.0178,0.0187,M
0.0117,0.0069,0.0279,0.0583,0.0915,0.1267,0.1577,0.1927,0.2361,0.2169,0.118,0.0754,0.2782,0.3758,0.5093,0.6592,0.7071,0.7532,0.8357,0.8593,0.9615,0.9838,0.8705,0.6403,0.5067,0.5395,0.6934,0.8487,0.8213,0.5962,0.295,0.2758,0.2885,0.1893,0.1446,0.0955,0.0888,0.0836,0.0894,0.1547,0.2318,0.2225,0.1035,0.1721,0.2017,0.1787,0.1112,0.0398,0.0305,0.0084,0.0039,0.0053,0.0029,0.002,0.0013,0.0029,0.002,0.0062,0.0026,0.0052,M
0.0116,0.0744,0.0367,0.0225,0.0076,0.0545,0.111,0.1069,0.1708,0.2271,0.3171,0.2882,0.2657,,0.1889,0.1791,0.2298,0.3715,0.6223,0.726,0.7934,0.8045,0.8067,0.9173,0.9327,0.9562,1.0,0.9818,0.8684,0.6381,0.3997,0.3242,0.2835,0.2413,0.2321,0.126,0.0693,0.0701,0.1439,0.1475,0.0438,0.0469,0.1476,0.1742,0.1555,0.1651,0.1181,0.072,0.0321,0.0056,0.0202,0.0141,0.0103,0.01,0.0034,0.0026,0.0037,0.0044,0.0057,0.0035,M
0.0366,0.0421,0.0504,0.025,0.0596,0.0252,0.0958,0.0991,0.1419,0.1847,0.2222,0.2648,0.2508,0.2291,0.1555,0.1863,0.2387,0.3345,0.5233,0.6684,0.7766,0.7928,0.794,0.9129,0.9498,0.9835,1.0,0.9471,0.8237,0.6252,0.4181,0.3209,0.2658,0.2196,0.1588,0.0561,0.0948,0.17,0.1215,0.1282,0.0386,0.1329,0.2331,0.2468,0.196,0.1985,0.157,0.0921,0.0549,0.0194,0.0166,0.0132,0.0027,0.0022,0.0059,0.0016,0.0025,0.0017,0.0027,0.0027,M
0.020356351915729536,0.04357324641328485,0.05476161656871396,0.055749423366339895,0.05815451083692219,0.10553479804871821,0.11892645439306204,0.15159984619800182,0.07445193837665644,0.1468916394339189,0.11931148501122422,0.13280570020577817,0.16244877490610385,0.126571791679067,0.15842888666759267,0.21911591492949511,0.19987087553192254,0.2742229008445994,0.30867858719979047,0.2407653590738413,0.24832950062308992,0.1289606214107166,0.1457271089658316,0.2331812607600569,0.20209859577310302,0.25747853245410157,0.2855231632402671,0.6488205933171624,0.8154553045796612,0.706722318189881,0.4819271117624697,0.4095503808045786,0.6293738415223818,0.6261145183620536,0.4648870532625702,0.6016425565409091,0.7500168998369077,0.7760191180633852,0.7515599371979159,0.6159216196054159,0.5430799045883565,0.41295301026195114,0.2649401547765044,0.1331933493242587,0.20663304772541377,0.2594900691997498,0.20233922525980647,0.13674971625977758,0.09333784239629839,0.03654941851556945,0.018778193611476753,0.011096480996137876,0.019489862018448885,0.01617518853719298,0.012198098923315604,0.013799568742905626,0.009971489169171621,0.011836016383691127,0.0123392976035833,0.012122680375861342,R
0.0262,0.0582,0.1099,0.1083,0.0974,0.228,0.2431,0.3771,0.5598,0.6194,,0.706,0.5544,0.532,0.6479,0.6931,0.6759,0.7551,0.8929,0.8619,0.7974,0.6737,0.4293,0.3648,0.5331,0.2413,0.507,0.8533,0.6036,0.8514,0.8512,0.5045,0.1862,0.2709,0.4232,0.3043,0.6116,0.6756,0.5375,0.4719,0.4647,0.2587,0.2129,0.2222,0.2111,0.0176,0.1348,0.0744,0.013,0.0106,0.0033,0.0232,0.0166,0.0095,0.018,0.0244,0.0316,0.0164,0.0095,0.0078,R
0.031165160147929524,0.038080054735841466,0.023884057894815156,0.0852729278125456,0.17851849965885025,0.21006559994759527,0.15742464953127033,0.1435397711502208,0.17538368737254778,0.26560981167125836,0.336576654824344,0.44802996029611136,0.5063236458261763,0.6012906219813445,0.6185307163019195,0.6433669746767675,0.7287850931949245,0.6797026025124394,0.6667751448824061,0.641135767407945,0.5983682465634232,0.6385919929305274,0.5878561321291658,0.44229349471515866,0.39800698060865203,0.41704298239822674,0.5293622850898029,0.5299689030494688,0.43154965209502755,0.3367139051886956,0.27449310103049673,0.23644880624795736,0.24399723988528216,0.1347640483147846,0.16269341569251797,0.0899568320192674,0.22667772958922883,0.21820390280879842,0.2283394969360005,0.14425802303924276,0.1383558287145046,0.27945447348142743,0.20567755037704444,0.041933590075676146,0.15181077052300176,0.15363081483564986,0.0904988469577403,0.08299238359046966,0.05077944348331584,0.03244570423346212,0.022519696356747835,0.020312594272503724,0.01539455704326929,0.011903501182646024,0.014304121066643097,0.006493037877077874,0.004207398561524695,0.008429495218701448,0.011167802950372953,0.006693815294315592,M
0.0323,0.0101,0.0298,0.0564,0.076,0.0958,0.099,0.1018,0.103,0.2154,0.3085,0.3425,0.299,0.1402,0.1235,0.1534,0.1901,0.2429,0.212,0.2395,0.3272,0.5949,0.8302,0.9045,0.9888,0.9912,0.9448,1.0,0.9092,0.7412,0.7691,0.7117,0.5304,0.2131,0.0928,0.1297,0.1159,0.1226,0.1768,0.0345,0.1562,0.0824,0.1149,0.1694,0.0954,0.008,0.079,0.1255,0.0647,0.0179,0.0051,0.0061,0.0093,0.0135,0.0063,0.0063,0.0034,0.0032,0.0062,0.0067,M
0.0414,0.0436,0.0447,0.0844,0.0419,0.1215,0.2002,0.1516,0.0818,0.1975,0.2309,0.3025,0.3938,0.505,0.5872,0.661,0.7417,0.8006,0.8456,0.7939,0.8804,0.8384,0.7852,0.8479,0.7434,0.6433,0.5514,0.3519,0.3168,0.3346,0.2056,0.1032,0.3168,0.404,0.4282,0.4538,0.3704,0.3741,0.3839,0.3494,0.438,0.4265,0.2854,0.2808,0.2395,0.0369,0.0805,0.0541,0.0177,0.0065,0.0222,0.0045,0.0136,0.0113,0.0053,0.0165,0.0141,0.0077,0.0246,0.0198,M
0.0346,0.0509,0.0079,0.0243,0.0432,0.0735,0.0938,0.1134,0.1228,0.1508,0.1809,0.239,0.2947,0.2866,0.401,0.5325,0.5486,0.5823,0.6041,0.6749,0.7084,0.789,0.9284,0.9781,0.9738,1.0,0.9702,0.9956,0.8235,0.602,0.5342,0.4867,0.3526,0.1566,0.0946,0.1613,0.2824,0.339,0.3019,0.2945,0.2978,0.2676,0.2055,0.2069,0.1625,0.1216,0.1013,0.0744,0.0386,0.005,0.0146,0.004,0.0122,0.0107,0.0112,0.0102,0.0052,0.0024,0.0079,0.0031,M
0.025975644842859528,0.024623334215998036,0.03455407530226893,0.07674941370416524,0.11410569341371624,0.12449968163165086,0.10455923648211872,0.09254387687591592,0.1520544566788868,0.20582799161319013,0.2731943254420614,0.35744836120831175,0.37318927196097257,0.3926713475253392,0.3760343583927378,0.44267354144874865,0.5804199052512451,0.6014298664673225,0.6807087474094491,0.675130764408994,0.6865835267057274,0.7413052400636587,0.6851828798330345,0.5488652046829039,0.5508286306953079,0.6456587347312889,0.7306909707954837,0.7199329770183127,0.6161303252873601,0.4609444156835741,0.20734497387597361,0.16162490110059807,0.25151986200258947,0.33531089967622096,0.4972132201912961,0.5350250462402376,0.5585138638963022,0.4933896506612504,0.3741229242388949,0.2540570995177323,0.2550724248157917,0.3045186716555381,0.3124082804524458,0.2281559076546667,0.2536237066240926,0.16259280602989498,0.05968591311128231,0.04324668228229895,0.03819161653784757,0.025701986854825977,0.011562511668019342,0.015849220767179078,0.014286722394019373,0.006588490550422052,0.009431360079330254,0.005578727643696128,0.0024861322744445316,0.005257808892269477,0.008003554427043874,0.005512351974801361,M
0.012261814081171397,0.01259800302976984,0.01383997050273069,0.0626637456036944,0.10541393705083625,0.1355231251972063,0.1552505299627394,0.1457135979735193,0.256359068394479,0.2988376709300269,0.3164529537324723,0.3411468734043278,0.26968064927473734,0.20417489532543756,0.2941068444848304,0.3421563302575979,0.34327397173236995,0.3546371064310766,0.33849370182908084,0.3515688999120516,0.39209768298219283,0.5122870316182545,0.6530825114319114,0.7699012148184142,0.8531864868792639,0.8999674358055599,0.9149808388350257,0.9273901177478326,0.8595181091168629,0.7935401725478087,0.7272391039147865,0.6386897522462006,0.5778295618260831,0.509556496999898,0.45523145485722066,0.45144595278409666,0.4506550464197374,0.4060874109695474,0.3266862164534688,0.31859500204713825,0.3736997462391612,0.3563057110776268,0.34459062721617395,0.3708055057933762,0.354282487820647,0.21466857638465342,0.15978104937814502,0.1396639583190156,0.0770148070335258,0.02205730324193156,0.013087508059389493,0.014059321258262805,0.014254552104973553,0.00882310746507803,0.0033967683087486726,0.008713542793693818,0.005837802862827351,0.003536909223842929,0.0009695394063512869,0.00275737272002337,M
0.01337024857427328,0.027923607205204523,0.03235831741487356,0.04063741622274085,0.03721326612735949,0.03460342624455039,0.03992483343108738,0.0988966241368736,0.2120441399345413,0.28917768298511015,0.32786715155748236,0.2673144722418686,0.22718431036028183,0.21637067818197261,0.25417333501336453,0.50060061300952,0.6972934331181417,0.685589213122718,0.7154156146321109,0.7861484996599165,0.8432785844721492,0.78646232864204,0.6396430762693661,0.7221593418566133,0.7342335161238033,0.6975194813757355,0.49473251604097424,0.2818285470440145,0.2746285149900845,0.4361729655698763,0.40214010562892033,0.20071853550258445,0.21053092281440053,0.2814525366681827,0.4110391257015463,0.5431897361169239,0.5802345032694513,0.3020622972821262,0.255359070542614,0.2968684631932736,0.275278417942443,0.2445693082678865,0.11857345500494569,0.10119798461214309,0.14779056739821003,0.195068446315518,0.13208397448558856,0.09994921952240965,0.06668213392130046,0.0230359808465381,0.015027860846972977,0.008581143045186227,0.008703811532915785,0.004923577678988867,0.009256258361704727,0.004289517778505809,0.011983339478275911,0.0031245716071709763,0.009447133090716079,0.00658333005968987,R
0.0209,0.0261,0.012,0.0768,0.1064,0.168,0.3016,0.346,0.3314,0.4125,0.3943,0.1334,0.4622,0.997,0.9137,0.8292,0.6994,0.7825,0.8789,0.8501,0.892,0.9473,1.0,0.8975,0.7806,0.8321,0.6502,0.4548,0.4732,0.3391,0.2747,0.0978,0.0477,0.1403,0.1834,0.2148,0.1271,0.1912,0.3391,0.3444,0.2369,0.1195,0.2665,0.2587,0.1393,0.1083,0.1383,0.1321,0.1069,0.0325,0.0316,0.0057,0.0159,0.0085,0.0372,0.0101,0.0127,0.0288,0.0129,0.0023,M
0.030418552158077518,0.02645078293910687,0.04192797748295829,0.06939701064557617,0.11518254807349235,0.13464701084772474,0.18024215480746358,0.18506842909065704,0.2739642090478534,0.313546739488036,0.3368769404489042,0.32160092071921015,0.25262526601771035,0.19351013066261777,0.17602509318174753,0.25284325270250807,0.3681714969638702,0.4754307544417808,0.5130314638123576,0.4449498300412189,0.3921143839205594,0.5310765207302447,0.6461420183855648,0.6330988467830612,0.7606948107639806,0.9538236627450039,0.9481739852124844,0.7449737090288803,0.6082134815008003,0.448011127799265,0.25781260307995535,0.3449428747624439,0.3181448999889125,0.1700362852385016,0.14875800331472777,0.1033819467595492,0.16684657094282132,0.26438845414706974,0.30148490099066505,0.3263774127450972,0.3113074152431806,0.20825034691644526,0.10404665622110136,0.11371496691371813,0.10212139717406803,0.07652482720510274,0.06522284451876406,0.044892168581686,0.0321521168234605,0.01781380075163783,0.01186556561054008,0.009395790572430765,0.01137087978374403,0.005266060268879862,0.0026809423341395155,0.006765883602350153,0.002986964130434288,0.004572602205978316,0.00555585089109001,0.008338540553905939,M
0.0428,0.0555,0.0708,0.0618,0.1215,0.1524,0.1543,0.0391,0.061,0.0113,0.1255,0.2473,0.3011,0.3747,0.452,0.5392,0.6588,0.7113,0.7602,0.8672,0.8416,0.7974,0.8385,0.9317,0.8555,0.6162,0.4139,0.3269,0.3108,0.2554,0.3367,0.4465,0.5,0.5111,0.5194,0.4619,0.4234,0.4372,0.4277,0.4433,0.37,0.3324,0.2564,0.2527,0.2137,0.1789,0.101,0.0528,0.0453,0.0118,0.0009,0.0142,0.0179,0.0079,0.006,0.0131,0.0089,0.0084,0.0113,0.0049,M
0.03331674472980292,0.030994236621662924,0.04150672289120325,0.00896592900622353,0.027764108181286277,0.08548409805799638,0.11514240282358854,0.10774285113577897,0.1903074876755631,0.19653070449405077,0.16957486843922415,0.2749795997370987,0.26842772137487503,0.374395372880711,0.48697901775810537,0.5282979677435983,0.5064321218806658,0.5551005657896685,0.5929951031454679,0.6052203014704477,0.5548161539593183,0.5329172419171221,0.5623864689973157,0.6052894971759545,0.6497059903930086,0.7206741761965086,0.6331355549483002,0.6901258256879628,0.9436467216039851,0.8520778138239363,0.5534903031527462,0.36620812578629275,0.44202638046032355,0.4532696415556179,0.23312748467312708,0.08794910002398976,0.13233380126496475,0.18405274797947319,0.14927906949038913,0.17488251234634505,0.21868259505765522,0.24907545564877495,0.17303437079322884,0.0894060296047668,0.12975550900186797,0.18381201572222028,0.14461788191441347,0.06811047938386426,0.04334875559187587,0.03589042200207144,0.01204198177818186,0.007281411059159865,0.007864644706447859,0.007586863625386168,0.00941717660237194,0.005023185986513223,0.004760301264207803,0.003358790976528461,0.003685443992806204,0.007843562473750792,R
0.079,0.0707,0.0352,0.166,0.133,0.0226,0.0771,0.2678,0.5664,0.6609,0.5002,0.2583,0.165,0.4347,0.4515,0.4579,0.3366,0.4,0.5325,0.901,0.9939,0.3689,0.1012,0.0248,0.2318,0.3981,0.2259,0.5247,0.6898,0.8316,0.4326,0.3741,0.5756,0.8043,0.7963,0.7174,0.7056,0.8148,0.7601,0.6034,0.4554,0.4729,0.4478,0.3722,0.4693,0.3839,0.0768,0.1467,0.0777,0.0469,0.0193,0.0298,0.039,0.0294,0.0175,0.0249,0.0141,0.0073,0.0025,0.0101,M
0.03051489898175028,0.041634260272872654,0.028618009887392146,0.0649516636147043,0.08730219066803302,0.195313381308221,0.248291383151415,0.15588969122230728,0.1735668393954588,0.2296304796312231,0.2791546065480579,0.3211010382674756,0.3546433746367712,0.3439855387188895,0.42196708803040506,0.570317753840005,0.6997777689864035,0.8230420929071142,0.8981805686670067,0.8983738797930865,0.8890127808404217,0.8817391676854371,0.7810836069343541,0.5812760302155788,0.40613712794243567,0.3202929389347685,0.5853157509655678,0.7154695179056109,0.748828958139156,0.7536385229670608,0.5325670039348521,0.32885426212702634,0.35618867378406527,0.4160373401252618,0.3910098993632039,0.3450546955198389,0.28974788483659736,0.36753497074631836,0.3637749236767979,0.3613328797981466,0.24080783470759276,0.06506794022117182,0.07414015261003434,0.1588517047957557,0.14938629806009393,0.0704514925107753,0.07073488586770729,0.05006105613835199,0.03538665700130248,0.022125835799391022,0.011138091428546264,0.010593967969731588,0.005238208072859859,0.010335946506939662,0.011591441906478659,0.005496738532735493,0.0034771164318078323,0.004601721560792149,0.008004862035034428,0.011975759604558028,R
0.0257,0.0447,0.0388,0.0239,0.1315,0.1323,0.1608,0.2145,0.0847,0.0561,0.0891,0.0861,0.1531,0.1524,0.1849,0.2871,0.2009,0.2748,0.5017,0.2172,0.4978,0.5265,0.3647,0.5768,0.5161,0.5715,0.4006,0.365,0.6685,0.8659,0.8052,0.4082,0.3379,0.5092,0.6776,0.7313,0.6062,0.704,0.8849,0.8979,0.7751,0.7247,0.7733,0.7762,0.6009,0.4514,0.3096,0.1859,0.0956,0.0206,0.0206,0.0096,0.0153,0.0096,0.0131,0.0198,0.0025,0.0199,0.0255,0.018,R
0.09450800719944508,0.10866356844116573,0.08566392080770827,0.04923823268928999,0.021294982597629544,0.09558283784797184,0.18728755347312068,0.24659273123272832,0.4240937650915454,0.5918113387437683,0.48671375093075003,0.2173179383268403,0.12961858170721088,0.1825063367435182,0.3628337563683106,0.3619726448639151,0.27999288087982094,0.24904601451616773,0.38914753544616487,0.7423420182322293,0.8862041319845578,0.5831478359844154,0.3291977010971078,0.43738997716484074,0.2909903761273593,0.3600792445273942,0.23182359702590855,0.28753376463177677,0.44338907086506335,0.5789484707513556,0.336271589096826,0.27293214891871576,0.5066373863274678,0.661394527734317,0.7869634638559799,0.7345485754633226,0.6812940429323328,0.7391555467404557,0.7590554576873273,0.5594380845603913,0.2868314103722377,0.19472666540545827,0.20937484793392094,0.2433561158911461,0.41373695183015463,0.3032038588168618,0.19858472221828677,0.19671165565214516,0.10888959810483373,0.04170419961770762,0.02203486383662203,0.012085916922267428,0.010322956492579673,0.012063139688317933,0.015905429742062882,0.009249214871008733,0.014300905305509277,0.014620962314066087,0.006476142079662386,0.006830113571797006,M
0.0176,0.0172,0.0501,0.0285,0.0262,0.0351,0.0362,0.0535,0.0258,0.0474,0.0526,0.1854,0.104,0.0948,0.0912,0.1688,0.1568,0.0375,0.1316,0.2086,0.1976,0.0946,0.1965,0.1242,0.0616,0.2141,0.4642,0.6471,0.634,0.6107,0.7046,0.5376,0.5934,0.8443,0.9481,0.9705,0.7766,0.6313,0.576,0.6148,0.545,0.4813,0.3406,0.1916,0.1134,0.064,0.0911,0.098,0.0563,0.0187,0.0088,0.0042,0.0175,0.0171,0.0079,0.005,0.0112,0.0179,0.0294,0.0063,R
0.0365,0.1632,0.1636,0.1421,0.113,0.1306,0.2112,0.2268,0.2992,0.3735,0.3042,0.0387,0.2679,0.5397,0.6204,0.7257,0.835,0.6888,0.445,0.3921,0.5605,0.7545,0.8311,1.0,0.8762,0.7092,0.7009,0.5014,0.3942,0.4456,0.4072,0.0773,0.1423,0.0401,0.3597,0.6847,0.7076,0.3597,0.0612,0.3027,0.3966,0.3868,0.238,0.2059,0.2288,0.1704,0.1587,0.1792,0.1022,0.0151,0.0223,0.011,0.0071,0.0205,0.0164,0.0063,0.0078,0.0094,0.011,0.0068,R
0.05639107794814172,0.05090774397704823,0.0562702756112273,0.09520342254539751,0.11297356275409715,0.11307761689252946,0.1618431298230036,0.22986971431531145,0.2775387679956842,0.2718923700114475,0.2466219074240919,0.14053103289924596,0.0813614139261906,0.23280730152234475,0.33756965526056326,0.4346427278749713,0.3680805614793204,0.4607041970858502,0.6232227128737812,0.8633931230173567,0.9009166876981697,0.7846519442812752,0.6756196984165952,0.6844956207726792,0.7040675648330518,0.7500834198794332,0.5863907818466008,0.5913493184832833,0.5105213545244619,0.6214658844571871,0.465345863406552,0.35604725990338937,0.30017714226839226,0.3879616476850833,0.5333477218507927,0.5546778098089897,0.49415938701320306,0.4761682627953203,0.48103130222964063,0.39998219620341724,0.3735185171377476,0.44494840196663293,0.3737993831391642,0.29350910744991876,0.2624037314676289,0.2665836858282576,0.1593590316165122,0.10515863771534685,0.04981489659417261,0.02612810221745312,0.0207736749610773,0.030224755201900648,0.024401468451222853,0.01418274393832016,0.0067940891849766205,0.010385432342151486,0.011423185598875708,0.012412522653789369,0.011536224889501316,0.01114140433229052,M
0.0209,0.0191,0.0411,0.0321,0.0698,0.1579,0.1438,0.1402,0.3048,0.3914,0.3504,0.3669,0.3943,0.3311,0.3331,0.3002,0.2324,0.1381,0.345,0.4428,0.489,0.3677,0.4379,0.4864,0.6207,0.7256,0.6624,0.7689,0.7981,0.8577,0.9273,0.7009,0.4851,0.3409,0.1406,0.1147,0.1433,0.182,0.3605,0.5529,0.5988,0.5077,0.5512,0.5027,0.7034,0.5904,0.4069,0.2761,0.1584,0.051,0.0054,0.0078,0.0201,0.0104,0.0039,0.0031,0.0062,0.0087,0.007,0.0042,M
0.0235,0.022,0.0167,0.0516,0.0746,0.1121,0.1258,0.1717,0.3074,0.3199,0.2946,0.2484,0.251,0.1806,0.1413,0.3019,0.3635,0.3887,0.298,0.2219,0.1624,0.1343,0.2046,0.3791,0.5771,0.7545,0.8406,0.8547,0.9036,1.0,0.9646,0.7912,0.6412,0.5986,0.6835,0.7771,0.8084,0.7426,0.6295,0.5708,0.4433,0.3361,0.3795,0.495,0.4373,0.2404,0.1128,0.1654,0.0933,0.0225,0.0214,0.0221,0.0152,0.0083,0.0058,0.0023,0.0057,0.0052,0.0027,0.0021,M
0.0079,0.0086,0.0055,0.025,0.0344,0.0546,0.0528,0.0958,0.1009,0.124,0.1097,0.1215,0.1874,0.3383,0.3227,0.2723,0.3943,0.6432,0.7271,0.8673,0.9674,0.9847,0.948,0.8036,0.6833,0.5136,0.309,0.0832,0.4019,0.2344,0.1905,0.1235,0.1717,0.2351,0.2489,0.3649,0.3382,0.1589,0.0989,0.1089,0.1043,0.0839,0.1391,0.0819,0.0678,0.0663,0.1202,0.0692,0.0152,0.0266,0.0174,0.0176,0.0127,0.0088,0.0098,0.0019,0.0059,0.0058,0.0059,0.0032,R
0.0206,0.0132,0.0533,0.0569,0.0647,0.1432,0.1344,0.2041,0.1571,0.1573,0.2327,0.1785,0.1507,0.1916,0.2061,0.2307,0.236,0.1299,0.3812,0.5858,0.4497,0.4876,1.0,0.8675,0.4718,0.5341,0.6197,0.7143,0.5605,0.3728,0.2481,0.1921,0.1386,0.3325,0.2883,0.3228,0.2607,0.204,0.2396,0.1319,0.0683,0.0334,0.0716,0.0976,0.0787,0.0522,0.05,0.0231,0.0221,0.0144,0.0307,0.0386,0.0147,0.0018,0.01,0.0096,0.0077,0.018,0.0109,0.007,R
0.01,0.0275,0.019,0.0371,0.0416,0.0201,0.0314,0.0651,0.1896,0.2668,0.3376,0.3282,0.2432,0.1268,0.1278,0.4441,0.6795,0.7051,0.7966,0.9401,0.9857,0.8193,0.5789,0.6394,0.7043,0.6875,0.4081,0.1811,0.2064,0.3917,0.3791,0.2042,0.2227,0.3341,0.3984,0.5077,0.5534,0.3352,0.2723,0.2278,0.2044,0.1986,0.0835,0.0908,0.138,0.1948,0.1211,0.0843,0.0589,0.0247,0.0118,0.0088,0.0104,0.0036,0.0088,0.0047,0.0117,0.002,0.0091,0.0058,R
0.0134,0.0172,0.0178,0.0363,0.0444,0.0744,0.08,0.0456,0.0368,0.125,0.2405,0.2325,0.2523,0.1472,0.0669,0.11,0.2353,0.3282,0.4416,0.5167,0.6508,0.7793,0.7978,0.7786,0.8587,0.9321,0.9454,0.8645,0.722,0.485,0.1357,0.2951,0.4715,0.6036,0.8083,0.987,0.88,0.6411,0.4276,0.2702,0.2642,0.3342,0.4335,0.4542,0.396,0.2525,0.1084,0.0372,0.0286,0.0099,0.0046,0.0094,0.0048,0.0047,0.0016,0.0008,0.0042,0.0024,0.0027,0.0041,M
0.0526,0.0563,0.1219,0.1206,0.0246,0.1022,0.0539,0.0439,0.2291,0.1632,0.2544,0.2807,0.3011,0.3361,0.3024,0.2285,0.291,0.1316,0.1151,0.3404,0.5562,0.6379,0.6553,0.7384,0.6534,0.5423,0.6877,0.7325,0.7726,0.8229,0.8787,0.9108,0.6705,0.6092,0.7505,0.4775,0.1666,0.3749,0.3776,0.2106,0.5886,0.5628,0.2577,0.5245,0.6149,0.5123,0.3385,0.1499,0.0546,0.027,0.038,0.0339,0.0149,0.0335,0.0376,0.0174,0.0132,0.0103,0.0364,0.0208,M
0.020456092954183745,0.032828020451737314,0.07980687557506637,0.06628330955194045,0.026677108492715606,0.05072343483623212,0.1395598257523912,0.17673611421442847,0.18045076300619806,0.17915744912026502,0.19001747133566324,0.16861606317172684,0.18848200629856468,0.4406081271476096,0.6323755278994937,0.6765619527136829,0.6381396950488,0.5096547117097504,0.39835749717951985,0.30291439962398403,0.4890656169412054,0.6537820294701489,0.7660274282524026,0.9086816562936422,0.7992027425010729,0.6652506046378575,0.6836947708555879,0.6276133838992033,0.5908673766341843,0.5896355640099672,0.451469838970785,0.21309485031248523,0.24165953033961454,0.13531176549152105,0.3536046107134785,0.5815680711314174,0.5877371123706319,0.3176621993407651,0.09658234256289819,0.2591577705510353,0.3908139176770157,0.3682120842671254,0.23287672454027727,0.17173982474495428,0.18763177436896786,0.16701519278136173,0.1758667522757916,0.1401000024665104,0.11152874610080987,0.03826786010391533,0.013921212379526865,0.009728523685112692,0.005081237516660415,0.009934484268608346,0.003768162793450717,0.004791077094976867,0.007800193839285109,0.004586992942217341,0.0063492743481352275,0.003539350945158038,R
0.08538258544081663,0.0828153612356417,0.021198582421622352,0.0755354478579837,0.07465949739774166,0.11328205266902447,0.2750847536881724,0.381018986642698,0.48720142783939635,0.5201308219992418,0.46522212778614197,0.23150806305770358,0.2442080100203429,0.24475855327186127,0.5245396265820603,0.5630981463518027,0.21618378960236925,0.17450524512646157,0.39392155644306137,0.6922113624009446,0.6250965584074364,0.3067664697853318,0.1782044131480586,0.22055356006927596,0.3090624027472556,0.41358008666006657,0.38085393894671354,0.6866095452121397,0.668315374824342,0.778274080755963,0.5368366979122473,0.5273282473242398,0.7394890720552952,0.800647937703763,0.911443883472935,0.8846708156890749,0.9008377109761118,0.8776783848197843,0.702908413102556,0.5072373443879847,0.2680551066247739,0.23500681775359208,0.22087758853840522,0.34158715935215844,0.4352633383343925,0.2871302975318547,0.14447869352942438,0.08333965595777612,0.04920050924896377,0.02159182164275367,0.018428185415147725,0.019149508115869508,0.012031986250374244,0.01908337934201823,0.021505328882281655,0.0029501558087604643,0.007739136562518746,0.0103894144958881,0.006763557267424825,0.01090361008599796,M
0.023857665098856153,0.013134153203665073,0.02088267679751096,0.0061455135767828515,0.028219802361117905,0.05240099260244038,0.10439636807748148,0.07700216240543202,0.12034213632938559,0.14859512701883723,0.09520668692145742,0.17813094398322166,0.1418419389957582,0.19012153578689123,0.19992544179858635,0.21320584008398302,0.07545281873304133,0.16195905167342095,0.3206065017544086,0.38837653300965297,0.3735674836286465,0.315424244749636,0.4885792312167485,0.6278569224920149,0.7037806153743228,0.7141458281005223,0.6958047992896169,0.7921469897546788,0.986936022247451,0.8815547651768618,0.6727952508635163,0.5870643536608499,0.6629256973575628,0.5988326302391691,0.37622481113671025,0.22515135283651122,0.11627264927334426,0.1943288743206177,0.21498004635127216,0.2415016868918912,0.30938948247875514,0.3247211394157307,0.2238109584743306,0.15262815232556062,0.10873369989189541,0.12761216764613104,0.10200597370305223,0.03547050368499114,0.025051130618347205,0.025344527294003372,0.011374791948338294,0.01148695812511762,0.010227062599451055,0.005326694826029742,0.0057201548238107755,0.0013563717534709138,0.0025959702767292922,0.0013095454360183684,0.004832856498893593,0.006696791331927713,R
0.0291,0.04,0.0771,0.0809,0.0521,0.1051,0.0145,0.0674,0.1294,0.1146,0.0942,0.0794,0.0252,0.1191,0.1045,0.205,0.1556,0.269,0.3784,0.4024,0.347,0.1395,0.1208,0.2827,0.15,0.2626,0.4468,0.752,0.9036,0.7812,0.4766,0.2483,0.5372,0.6279,0.3647,0.4572,0.6359,0.6474,0.552,0.3253,0.2292,0.0653,0.0,0.0,0.0,0.0,0.0,0.0,0.0,0.0,0.0,0.0056,0.0237,0.0204,0.005,0.0137,0.0164,0.0081,0.0139,0.0111,R
0.0131,0.0068,0.0308,0.0311,0.0085,0.0767,0.0771,0.064,0.0726,0.0901,0.075,0.0844,0.1226,0.1619,0.2317,0.2934,0.3526,0.3657,0.3221,0.3093,0.4084,0.4285,0.4663,0.5956,0.6948,0.8386,0.8875,0.6404,0.3308,0.3425,0.492,0.4592,0.3034,0.4366,0.5175,0.5122,0.4746,0.4902,0.4603,0.446,0.4196,0.2873,0.2296,0.0949,0.0095,0.0527,0.0383,0.0107,0.0108,0.0077,0.0109,0.0062,0.0028,0.004,0.0075,0.0039,0.0053,0.0013,0.0052,0.0023,R
0.034003885197609905,0.06593640463032575,0.05952861408954878,0.07998833807658787,0.07771336789853801,0.05069218337378464,0.07700910496594811,0.04943294533265237,0.13228708500365977,0.22072462786303773,0.27006893095082246,0.30439082833157277,0.29988596833019865,0.327980436832267,0.4300590744382099,0.619957424679095,0.787059981048193,0.8444949465639261,0.8486272502905851,0.743215855096828,0.7351294357858745,0.6726940577802157,0.5829122910981375,0.4183898446822423,0.2059091311143353,0.2292059845139258,0.41674877075152017,0.5523652831411986,0.5842178042348224,0.5032284401591393,0.4040122396335585,0.40759851414135373,0.3712025437154904,0.39145077234648323,0.3951593350677308,0.2575976802744877,0.225649670301881,0.36053720664568417,0.37625335571493596,0.26721968459721496,0.1049310263449973,0.1075715495710797,0.2410804096401599,0.2010530528501066,0.07096038759690551,0.10874544753238712,0.1249398860729454,0.09483558601168798,0.06838616700998264,0.0247024082641441,0.015784014549478212,0.024148319390257626,0.009574594265006852,0.006203112879675032,0.010527427918617247,0.009094302349948229,0.0032503597893708694,0.008185835636287683,0.011943994178941313,0.008332960789533439,M
0.019974244424506408,0.025778789131221343,0.00530696360804635,0.03983615204830563,0.04710617688458472,0.1253354672605655,0.18386700433784228,0.11121609086189134,0.1027368511260636,0.15844442556443855,0.23608996525913378,0.26554390326913946,0.3154121512131411,0.3453359329821463,0.42584726291944586,0.54414970053631,0.6413706388949579,0.7267764926555896,0.8105317352174702,0.8190831019841968,0.8367540155645166,0.8992652974635985,0.806707298088567,0.625348322873824,0.5592599712608077,0.5378888952765583,0.7839883999771606,0.877097293423533,0.8711810821965519,0.77200221998553,0.47707543951475756,0.25252468555639757,0.27292315354012386,0.3358463603046432,0.3773766976122588,0.3186419439644926,0.23998654256750485,0.2578189357278186,0.22630178218131397,0.24836276471125743,0.16405324810280997,0.02812450681553915,0.044256821431869715,0.09389286674049979,0.10863514174744568,0.026925107357166172,0.05879501147236922,0.04771132006536775,0.02346466156718057,0.020571099167802073,0.010933594950576673,0.006781489344652074,0.002820865843317161,0.008995234594466548,0.01101602383387718,0.005179033564226752,0.0029719572674791824,0.0026888630370484933,0.008052795115020587,0.01191947674543234,R
0.02609244206918259,0.023275763555065457,0.015778931491129102,0.0509240272147016,0.08035522648410609,0.10992945526502562,0.11857383610779264,0.1527245758199137,0.23966343655537248,0.25840510454234283,0.2646009078093931,0.25011538824519947,0.25575493116961456,0.21188208182672916,0.15682023877233825,0.24746007520960633,0.3105466803914126,0.34001268658948036,0.3057460001104349,0.26543236862230885,0.24594260381137728,0.23175157021975146,0.3264884668661999,0.49895828383445573,0.656505174637061,0.7856923153013274,0.8685148865663389,0.907182775180036,0.9006926924440327,0.8735464454872898,0.8289089540291571,0.6617160477522616,0.5105965519663034,0.4701406065684334,0.5026592013912299,0.5306426887527279,0.5867403637373705,0.5376117127227932,0.49421306572234536,0.44820068090916276,0.37987190509127766,0.3324250430961644,0.3034889534301677,0.3431848904562448,0.3187939437793316,0.21905953365542916,0.14201079864440574,0.14396394399936582,0.07103245568859708,0.019642090955728254,0.019044219624974056,0.017751293933446058,0.012123264391251026,0.006816286886015537,0.006251137530813697,0.0016034612609328138,0.005495731781981544,0.0046290179167862025,0.001643097962399739,0.0033977196380204533,M
0.0197,0.0394,0.0384,0.0076,0.0251,0.0629,0.0747,0.0578,0.1357,0.1695,0.1734,0.247,0.3141,0.3297,0.2759,0.2056,0.1162,0.1884,0.339,0.3926,0.4282,0.5418,0.6448,0.7223,0.7853,0.7984,0.8847,0.9582,0.899,0.6831,0.6108,0.548,0.5058,0.4476,0.2401,0.1405,0.1772,0.1742,0.3326,0.4021,0.3009,0.2075,0.1206,0.0255,0.0298,0.0691,0.0781,0.0777,0.0369,0.0057,0.0091,0.0134,0.0097,0.0042,0.0058,0.0072,0.0041,0.0045,0.0047,0.0054,M
0.0093,0.0185,0.0056,0.0064,0.026,0.0458,0.047,0.0057,0.0425,0.064,0.0888,0.1599,0.1541,0.2768,0.2176,0.2799,0.3491,0.2824,0.2479,0.3005,0.43,0.4684,0.452,0.5026,0.6217,0.6571,0.6632,0.7321,0.8534,1.0,0.8448,0.6354,0.6308,0.6211,0.6976,0.5868,0.4889,0.3683,0.2043,0.1469,0.222,0.1449,0.149,0.1211,0.1144,0.0791,0.0365,0.0152,0.0085,0.012,0.0022,0.0069,0.0064,0.0129,0.0114,0.0054,0.0089,0.005,0.0058,0.0025,R
0.0171773326056993,0.006929908960387614,0.013986736715293806,0.018727661657313512,0.033625263876731405,0.042115189729072876,0.08631143685181686,0.0763774206487494,0.11472914487403825,0.1657889507444831,0.15338833222109324,0.17161425229887609,0.19990061914148471,0.1830383660312093,0.19992598333808617,0.25812181188931516,0.346674391015924,0.42802679300049223,0.4990991207884055,0.5110871566840495,0.5129701480835244,0.5950218355836836,0.6568418481419461,0.7143146857347747,0.82280098298939,0.8779050500579021,0.7420049416128361,0.7365572016366547,0.8635412767195519,0.8934214522017416,0.8329258516114468,0.7486688487414023,0.8031646636149258,0.7931907855880987,0.601740365266512,0.4345381858219106,0.2607710134328734,0.17727363457669276,0.14539029594050604,0.3064083132712513,0.32839177675978837,0.34883659803251454,0.2747873092111406,0.2453908575202226,0.25298257087676423,0.20732224512704928,0.1284396205188066,0.07631883208059857,0.04671584131768778,0.014199836822239553,0.00870115420313157,0.011413865199684167,0.006965218736605769,0.006768829874095537,0.004290753148820124,0.002523599154480917,0.002824635704294403,0.002340741970353322,0.005578302510398121,0.003663237355642563,R
0.0303,0.0353,0.049,0.0608,0.0167,0.1354,0.1465,0.1123,0.1945,0.2354,0.2898,0.2812,0.1578,0.0273,0.0673,0.1444,0.207,0.2645,0.2828,0.4293,0.5685,0.699,0.7246,0.7622,0.9242,1.0,0.9979,0.8297,0.7032,0.7141,0.6893,0.4961,0.2584,0.0969,0.0776,0.0364,0.1572,0.1823,0.1349,0.0849,0.0492,0.1367,0.1552,0.1548,0.1319,0.0985,0.1258,0.0954,0.0489,0.0241,0.0042,0.0086,0.0046,0.0126,0.0036,0.0035,0.0034,0.0079,0.0036,0.0048,M
0.02920179315245295,0.03636177216244663,0.03990951118709491,0.019988213776255846,0.060412622316127845,0.047364922106986986,0.08010156771411193,0.07848304830572421,0.10555030684425963,0.17658490315022443,0.18900844808170478,0.1751876263858912,0.14003276312355092,0.20584806232100833,0.32124868922992306,0.25721726644983517,0.1649399748918284,,0.44935997953101026,0.5726142815631995,0.5414989160145619,0.550830134604948,0.7183073139064424,0.8881947601449592,0.8408400973742328,0.7792404965150578,0.7657637654666566,0.6689840313388309,0.4696030383371182,0.2696336386284818,0.18224878523486165,0.1809112688614046,0.1999616316918424,0.33808278009459247,0.2663231155012204,0.18267393954631522,0.26693674066572753,0.3328179656156364,0.34611604627445736,0.26470194353743753,0.20664307327888462,0.21641168789904783,0.1673041272500206,0.16526074192029006,0.1965408563648794,0.19672144060800997,0.09959192124532906,0.04955746007148833,0.03773792572517881,0.013973478998226183,0.0034252375440826867,0.006910839405441861,0.009302954260702004,0.008604019100412755,0.0056056415656638315,0.005270757234732379,0.004953401084629599,0.005214255821466149,0.004196856517677575,0.005000568701640146,R
0.02449797538222182,0.010623529106819646,0.0334653068385174,0.05893645031527751,0.07731074255265268,0.06579283613119594,0.11119504253354857,0.10419661322618425,0.09266522431086925,0.1472664521812584,0.17165245864835138,0.1422380160292923,0.11939476474831198,0.18356616512622403,0.21023929738685204,0.3147610530334509,0.41161154054861565,0.5347418230112162,0.6278062959544729,0.6341037662922127,0.7065741541502689,0.8010587792496692,0.8925789878326855,0.9201714956116391,0.932840643211991,0.8748765318175967,0.7712650371012604,0.6296012005969491,0.5165756855420686,0.49958478782830823,0.481412934562727,0.3987018502080711,0.3444669223790529,0.3353842155794417,0.34675625937504695,0.3055354284246582,0.21242353530349942,0.19428316902037837,0.2982086188757747,0.3627770489744276,0.40666480861915455,0.4337358677623566,0.351599293427962,0.2465267839021395,0.14278275580375305,0.17333855861328923,0.18509856427499552,0.12918412681804475,0.06971622577902387,0.027664453250758596,0.023259867863788135,0.016896345322747006,0.017038740589728714,0.009790476347165103,0.002862575838540415,0.005695472137366143,0.007647590136184857,0.005150879993583348,0.0051560383558328935,0.005004003329874513,M
0.02442376148663452,0.0185033699445982,0.028584429681453475,0.02996281218770214,0.08544560751454842,0.13008293365278012,0.13597976530835024,0.1511662774314631,0.19743852187513375,0.2070383819642447,0.22684873947910233,0.24503920765642548,0.2961691145213183,0.3841334914528585,0.4417303337416191,0.46972676198043795,0.5698204872663547,0.6025928194152727,0.5865961736663567,0.6236288120665051,0.7046861336275493,0.732043354877129,0.7973063756828387,0.9041535748127041,0.9384526377843843,0.898263273488728,0.8867056096264128,0.8586123869672003,0.7472135945894971,0.5914251660100629,0.4586225622086419,0.3526241360769423,0.24346736895950338,0.1368744709951381,0.10639071714737436,0.1531494198246938,0.24395463736852466,0.22287446021297205,0.19374919262328427,0.24857499089158372,0.23714000879366787,0.20612547694314473,0.19882686568855212,0.1688320282030479,0.13492812680875524,0.09085632339010115,0.1417874521046753,0.09876583928539048,0.05753649882498983,0.02755432409362737,0.020337078626273573,0.017307708442433067,0.018301692745402352,0.007887827609818356,0.004027561986371746,0.00890327274236366,0.01158277830109636,0.00803542357295224,0.008684550763480268,0.00781510898784184,M
0.0762,0.0666,0.0481,0.0394,0.059,0.0649,0.1209,0.2467,0.3564,0.4459,0.4152,0.3952,0.4256,0.4135,0.4528,0.5326,0.7306,0.6193,0.2032,0.4636,0.4148,0.4292,0.573,0.5399,0.3161,0.2285,0.6995,1.0,0.7262,0.4724,0.5103,0.5459,0.2881,0.0981,0.1951,0.4181,0.4604,0.3217,0.2828,0.243,0.1979,0.2444,0.1847,0.0841,0.0692,0.0528,0.0357,0.0085,0.023,0.0046,0.0156,0.0031,0.0054,0.0105,0.011,0.0015,0.0072,0.0048,0.0107,0.0094,R
0.06426267209232814,0.10574377922738447,0.09634063240235635,0.0935393949956303,0.11892258562559566,0.10985858029749701,0.13076036125693308,0.11874112543886728,0.2067973703731984,0.3170853372741498,0.39374340825960136,0.46902712462701224,0.552822567150321,0.5736741083558693,0.7086740937869429,0.8344976177530901,0.8884518675717971,0.8903415782205587,0.8804614395879895,0.8664414935865411,0.8030032080556438,0.6514302385469601,0.540739878141655,0.5101264628476778,0.3894293342519625,0.33458755621971537,0.3400778631185847,0.3350187956372723,0.32326605177242806,0.28603084573804494,0.313333687679593,0.2859801499687578,0.2551118214115182,0.3248932006445306,0.3377215226547474,0.2325428440597427,0.1740755828749988,0.2188495462753683,0.25379547839154215,0.2228605098116732,0.14985180431697348,0.07950558108033828,0.0827727175205639,0.13615910268343917,0.08580072585539444,0.06258226342224804,0.10049126013513075,0.10312108842267327,0.07238628924750538,0.01899770881684986,0.021370264597033367,0.02537041399176047,0.0113368618830775,0.00898826406101613,0.017581355540896616,0.008682078877501815,0.004918248555032564,0.010038726197747405,0.01645063819556129,0.012358113182683202,M
0.014319720443425249,0.03999491414869586,0.06410791023711666,0.08605479120993223,0.05453288398102384,0.13794454760847083,0.2068056346287793,0.30184837893260497,0.4367710891192056,0.33747549728105247,0.21453426591456934,0.06160539328696815,0.22361959951070925,0.3333754219090557,0.40229643411457383,0.4903697700999448,0.40458864609605066,0.44288617339649167,0.5475550984522707,0.934856661749287,0.953406585185967,0.5909063917878054,0.4630090926284132,0.33536181711001906,0.21193930990044754,0.3358565614142166,0.28440549637456713,0.4907558083278974,0.5169528733492516,0.6778030153162878,0.3171241717522907,0.3150656042064371,0.5411735247892189,0.6539517110062822,0.6134115531474192,0.6149119380834424,0.5040229630727754,0.5793388295783589,0.43699578574931497,0.2878871441425646,0.35664507620362673,0.29221634052025963,0.1471641987026115,0.15891044279680547,0.23995869788476262,0.13353582459774485,0.1268431973704156,0.1745777795361862,0.0816902110868104,0.01714704242994191,0.03454663407243538,0.018147594835057793,0.010726856975943666,0.021489948746364024,0.010907568545110664,0.01927255580049065,0.012140920705878933,0.011049291184052169,0.015584122427661447,0.009133889208978044,M
0.0629,0.1065,0.1526,0.1229,0.1437,0.119,0.0884,0.0907,0.2107,0.3597,0.5466,0.5205,0.5127,0.5395,0.6558,0.8705,0.9786,0.9335,0.7917,0.7383,0.6908,0.385,0.0671,0.0502,0.2717,0.2839,0.2234,0.1911,0.0408,0.2531,0.1979,0.1891,0.2433,0.1956,0.2667,0.134,0.1073,0.2023,0.1794,0.0227,0.1313,0.1775,0.1549,0.1626,0.0708,0.0129,0.0795,0.0762,0.0117,0.0061,0.0257,0.0089,0.0262,0.0108,0.0138,0.0187,0.023,0.0057,0.0113,0.0131,M
0.017428190614361315,0.010771429333398693,0.014801153750530751,0.032696757396468774,0.06026219669068858,0.07685652332369175,0.09345482059113662,0.08784573249898762,0.06511546118305139,0.08621441116413607,0.1365751240321986,0.14074875945616544,0.22182605263982777,0.20132230188542768,0.18936014764245154,0.22629117544862123,0.24510811635257296,0.2386019101530175,0.27124296008356824,0.3575531080942961,0.4946929046778308,0.6255954419345444,0.7563199001168838,0.8169134644567453,0.8778997274118115,0.9180584153748975,0.9437592625230556,0.8629078271470377,0.7897730053526111,0.6632837815119813,0.5071080511438166,0.3837866417138369,0.33215750328646987,0.2832344117332716,0.3100791698020271,0.32105213893316953,0.23691059128645103,0.22705261030503082,0.19886787853333296,0.18476945335821224,0.1687430861998709,0.1802981655641492,0.21150438782274744,0.14832975497825507,0.08021619588651446,0.03242349255126619,0.052114695722369805,0.04714161017656567,0.010383066391272384,0.005256034612931801,0.0022913754328535807,0.004201610129000308,0.003574327601715139,0.007349272390425674,0.009350408414181914,0.005442532604788486,0.007069346040138682,0.008949646820389023,0.0057014858221119515,0.0033226844421848853,R
0.016814692029257637,0.027137330290476464,0.03286349333813353,0.0478810630819401,0.07126524151335986,0.07265781297511437,0.11047141133769547,0.13804499619715557,0.20656661426773779,0.24872520859372216,0.26167939149064273,0.2584000651133374,0.1966450313657521,0.17406177766644249,0.14635167255168072,0.20096161124634246,0.284823264113488,0.3503853831670604,0.3543776927659484,0.2994996991105426,0.33516716699923194,0.44021331335010416,0.5899314835347006,0.6785072451451963,0.7757274208937843,0.8434742524083054,0.8558138342303317,0.7821856457707915,0.6885885566396875,0.715788491944645,0.7110999072519797,0.6833145919509116,0.6156572959945781,0.538635850102192,0.5004154099128141,0.4556591838934411,0.39328014889802815,0.3310053222155009,0.34595629878056433,0.4144471777913922,0.4425163365003803,0.4061715123393315,0.4200071157044646,0.3939128315451446,0.30449747924933057,0.2139064230686612,0.16168247781018222,0.1352021723046093,0.08370597253382994,0.023617705748560272,0.015496442306055272,0.013910070349245646,0.008790664650159959,0.005105229889432709,0.0022373406270343177,0.006816497761586811,0.00453993510835521,0.0035979148112363674,0.0019762478530692845,0.003424415366761546,M
0.01422563217516648,0.023419821784440544,0.03487456757014076,0.04239844471807871,0.06600004892322495,0.12402599488247813,0.12190092813544252,0.13334103515075119,0.22180066151706418,0.2848670124411847,0.2922719042247823,0.2948596605703048,0.38759278319225315,0.36884366295208926,0.36659804902876286,0.4443138038417095,0.49221027763695696,0.47731307121201205,0.5880118993827377,0.787775258669025,0.8257359164259414,0.7613113834865438,0.6417464424144721,0.5685030002938268,0.5351136085571112,0.6643347725180185,0.718056343956805,0.7175951960030075,0.7417667029957393,0.6135800601264042,0.5055795641106272,0.5715859395343621,0.5412376676021595,0.35012637166477395,0.1456019916094601,0.2807208868043593,0.27023707801340124,0.29577151342378155,0.4158867662704371,0.3083271664344739,0.25048952508100764,0.3460407008565701,0.31842376374403825,0.37000786033138217,0.3959982428016999,0.14854454919282828,0.1234447071336519,0.15715609122056673,0.08243598425941054,0.0205624813590604,0.028916917758807476,0.015849283034451322,0.0020504639800493075,0.008317019954014635,0.010275221898762931,0.003744885200262474,0.0035774745804178425,0.0035948787213746047,0.003824595825351425,0.0024505478587991446,M
0.0179,0.0136,0.0408,0.0633,0.0596,0.0808,0.209,0.3465,0.5276,0.5965,0.6254,0.4507,0.3693,0.2864,0.1635,0.0422,0.1785,0.4394,0.695,0.8097,0.855,0.8717,0.8601,0.9201,0.8729,0.8084,0.8694,0.8411,0.5793,0.3754,0.3485,0.4639,0.6495,0.6901,0.5666,0.5188,0.506,0.3885,0.3762,0.3738,0.2605,0.1591,0.1875,0.2267,0.1577,0.1211,0.0883,0.085,0.0355,0.0219,0.0086,0.0123,0.006,0.0187,0.0111,0.0126,0.0081,0.0155,0.016,0.0085,M
0.1313,0.2339,0.3059,0.4264,0.401,0.1791,0.1853,0.0055,0.1929,0.2231,0.2907,0.2259,0.3136,0.3302,0.366,0.3956,0.4386,0.467,0.5255,0.3735,0.2243,0.1973,0.4337,0.6532,0.507,0.2796,0.4163,0.595,0.5242,0.4178,0.3714,0.2375,0.0863,0.1437,0.2896,0.4577,0.3725,0.3372,0.3803,0.4181,0.3603,0.2711,0.1653,0.1951,0.2811,0.2246,0.1921,0.15,0.0665,0.0193,0.0156,0.0362,0.021,0.0154,0.018,0.0013,0.0106,0.0127,0.0178,0.0231,M
0.009040837257752505,0.011090241207711305,0.022530245471161916,0.023356687110394323,0.030358082662470077,0.0500631774435894,0.0696394804621977,0.10406682565620973,0.08782976967047998,0.12636147782601148,0.10531460415255157,0.1469671090419135,0.1423348367907871,0.30624727758047826,0.2784426593727854,0.26036071633991853,0.3035736786235943,0.519423681665042,0.6304276632161361,0.7335379764683396,0.7666194762936744,0.8068741261663829,0.838637171517517,0.7141611390548271,0.5816622304820097,0.5124322565892728,0.3723539780957337,0.13405928682943397,0.3408772139720305,0.26719066916217704,0.31367924310332934,0.299791112738955,0.30406684651988386,0.27576465204502687,0.2879841683663099,0.3485739792960067,0.39870708638626806,0.3687456798802829,0.3561639962963855,0.3429652565863786,0.2553400524416354,0.20691020571050958,0.18954442499719934,0.1519613265806068,0.17347933877259208,0.15307688804201164,0.1632889453352603,0.09485224109035077,0.030560757881447548,0.027430943827582075,0.019074421627465987,0.01600388493183235,0.010011697999170609,0.010494552460107593,0.00953468371622999,0.0034946328200590755,0.005637675055931015,0.005355218433119131,0.005374163445227209,0.005707824388281836,R
0.08369593160753301,0.06798711733490227,0.04887360664143937,0.05984956226463784,0.06707458956260755,0.1282890175949408,0.10496047850569316,0.17752739070205933,0.16703339184149502,0.18372543190392332,0.26118568993279906,0.2599809008317289,0.2750549033051648,0.26846436345125585,0.3272553476290071,0.31026191621389343,0.38926389976110526,0.24781325558136344,0.3102377569162048,0.30046830259898616,0.2779364023217594,0.25115703675816115,0.32354795282930177,0.29212651733046563,0.45327862196088664,0.5243454018769274,0.5591939767314577,0.7557030003006593,0.7916353824094372,0.7379806456295797,0.8030044931833256,0.6944729220632352,0.5284719861008831,0.5932412239037705,0.6617997387848666,0.4983434447338305,0.2798129072051579,0.4260201067503413,0.38503469915831473,0.2379838083575966,0.49504971367223705,0.690846125675974,0.6635789214064283,0.5387608385829056,0.5490776213655296,0.6171147248433125,0.4516209109004535,0.29511042050521885,0.14495848087857668,0.04178680031427226,0.08197920629954152,0.05971005796442064,0.027656210675846924,0.02560568272280545,0.020441881104513178,0.00706978613570554,0.015031199999536263,0.01773507134798036,0.017977979168164016,0.008491053955351524,M
0.0135,0.0045,0.0051,0.0289,0.0561,0.0929,0.1031,0.0883,0.1596,0.1908,0.1576,0.1112,0.1197,0.1174,0.1415,0.2215,0.2658,0.2713,0.3862,0.5717,0.6797,0.8747,1.0,0.8948,0.842,0.9174,0.9307,0.905,0.8228,0.6986,0.5831,0.4924,0.4563,0.5159,0.567,0.5284,0.5144,0.3742,0.2282,0.1193,0.1088,0.0431,0.107,0.0583,0.0046,0.0473,0.0408,0.029,0.0192,0.0094,,0.0037,0.0084,0.0102,0.0096,0.0024,0.0037,0.0028,0.003,0.003,R
0.0373,0.0281,0.0232,0.0225,0.0179,0.0733,0.0841,0.1031,0.0993,0.0802,0.1564,0.2565,0.2624,0.1179,0.0597,0.1563,0.2241,0.3586,0.1792,0.3256,0.6079,0.6988,0.8391,0.8553,0.771,0.6215,0.5736,0.4402,0.4056,0.4411,0.513,0.5965,0.7272,0.6539,0.5902,0.5393,0.4897,0.4081,0.4145,0.6003,0.7196,0.6633,0.6287,0.4087,0.3212,0.2518,0.1482,0.0988,0.0317,0.0269,0.0066,0.0008,0.0045,0.0024,0.0006,0.0073,0.0096,0.0054,0.0085,0.006,R
0.0195,0.0213,0.0058,0.019,0.0319,0.0571,0.1004,0.0668,0.0691,0.0242,0.0728,0.0639,0.3002,0.3854,0.4767,0.4602,0.3175,0.416,0.6428,1.0,0.8631,0.5212,0.3156,0.5952,0.7732,0.6042,0.4375,0.5487,0.472,0.6235,0.3851,0.159,0.3891,0.5294,0.3504,0.448,0.4041,0.5031,0.6475,0.5493,0.3548,0.2028,0.1882,0.0845,0.1315,0.159,0.0562,0.0617,0.0343,0.037,0.0261,0.0157,0.0074,0.0271,0.0203,0.0089,0.0095,0.0095,0.0021,0.0053,R
0.0175156759266694,0.03671180671835108,0.0287549565799679,0.062057358818786955,0.036590688741315235,0.10298647723030217,0.143520260056658,0.14666624326594427,0.15162684712092805,0.21810379175364647,0.2512970261272821,0.37170847785345024,0.36276401043863865,0.25708465947913406,0.24669123426185166,0.35224876261672844,0.5919185994945079,0.5377599139826427,0.24305070628988137,0.34523947624983137,0.7446958803377995,0.7332153005745174,0.42840878067751653,0.39490567160189044,0.6826369825722773,0.6679633115121644,0.560440487654096,0.8051609680101279,0.7665201546714233,0.4391689827041151,0.2956831791171726,0.25065809525197363,0.16806712580978553,0.2419651207741443,0.36515071046446224,0.23973780314687537,0.23220902787084596,0.2207293359504471,0.06730782441552982,0.07179787179409075,0.20268615633413847,0.22946508398045926,0.23604887550235365,0.2022031549687765,0.11607867708196253,0.08154853176290705,0.03212569062127027,0.0486863668931037,0.015376948542339418,0.012920199740068281,0.008752692159007461,0.003603892595740741,0.009707971414800927,0.012650100966240892,0.017611244056662905,0.012533079191008586,0.00950498001013977,0.008729615476279243,0.004664234427516852,0.008861325962978964,R
0.0131,0.0387,0.0329,0.0078,0.0721,0.1341,0.1626,0.1902,0.261,0.3193,0.3468,0.3738,0.3055,0.1926,0.1385,0.2122,0.2758,0.4576,0.6487,0.7154,0.801,0.7924,0.8793,1.0,0.9865,0.9474,0.9474,0.9315,0.8326,0.6213,0.3772,0.2822,0.2042,0.219,0.2223,0.1327,0.0521,0.0618,0.1416,0.146,0.0846,0.1055,0.1639,0.1916,0.2085,0.2335,0.1964,0.13,0.0633,0.0183,0.0137,0.015,0.0076,0.0032,0.0037,0.0071,0.004,0.0009,0.0015,0.0085,M
0.03606486118135248,0.06413338981960702,0.04745103990110293,0.03980415415832491,0.08234337114101248,0.1605117161026332,0.1460995842700012,0.17447609149258977,0.17781363934576971,0.13082110871307853,0.2781373617837082,0.3602187578900955,0.49337169986755863,0.45329769098284944,0.3925392621607255,0.4798047143911028,0.569806257217797,0.5164623117166028,0.5674347595144238,0.5893163420297212,0.6263779559042828,0.7100398395424892,0.6929400360763137,0.641532078426874,0.4502816700310636,0.3416049720476511,0.3726582646637337,0.5169244774041325,0.5559616697115999,0.5601177110562527,0.6924999252243329,0.7259324834318964,0.5765728008532951,0.6130952580472938,0.6285426571009307,0.3876865768035502,0.18690031734801119,0.2772194356224513,0.23976926581809796,0.23513019519609915,0.4300418905319842,0.5297865738205079,0.37184432058708916,0.26748101922553036,0.39555185587580455,0.37668300780207525,0.18033223178300473,0.08838198082862773,0.028770214734457546,0.02329298633230124,0.03206267844232255,0.02761025029904193,0.019129641841692233,0.018862591082541076,0.01546999634259766,0.01059751131276061,0.0026763856572910127,0.01049589728015392,0.006492097893723948,0.005342499294448985,M
0.0177,0.03,0.0288,0.0394,0.063,0.0526,0.0688,0.0633,0.0624,0.0613,0.168,0.3476,0.4561,0.5188,0.6308,0.7201,0.5153,0.3818,0.2644,0.3345,0.4865,0.6628,0.7389,0.9213,1.0,0.775,0.5593,0.6172,0.8635,0.6592,0.477,0.4983,0.333,0.3076,0.2876,0.2226,0.0794,0.0603,0.1049,0.0606,0.153,0.0983,0.1643,0.1901,0.1107,0.1917,0.1467,0.0392,0.0356,0.027,0.0168,0.0102,0.0122,0.0044,0.0075,0.0124,0.0099,0.0057,0.0032,0.0019,R
0.0799737775157782,0.09011183941172003,0.029880362509870147,0.05934505879736601,0.06381779105779935,0.10877379627503805,0.2523705835287213,0.3539142767472104,0.43900527208755946,0.5237773349562029,0.5290912089488519,0.3432677472506264,0.3626308586871653,0.31920961912810314,0.5213969291970976,0.5287444048928024,0.22386901945803372,0.15695828226153655,0.46750146041962676,0.8370212588356213,0.8316098077440773,0.5583799218378717,0.3793366444357558,0.3685568955795809,0.41626831614297793,0.513987637792357,0.5216108086946951,0.7564625210873166,0.7056060408560524,0.6578917657733498,0.42914213346706864,0.4693065746837364,0.6547438802001327,0.6461870365167317,0.6395485934276656,0.6533840304954659,0.6362313478095216,0.7247252296720078,0.6853553915564488,0.4957680302309261,0.2162342251282841,0.2916057047198496,0.25225673560839856,0.3449900979599903,0.4548967241631035,0.2635724089335527,0.12962665723877062,0.0862808618411452,0.05617866475100384,0.01834426028694041,0.023332702440030852,0.01599738869239205,0.00741432565434263,0.016944760975146047,0.020771307579701647,0.003681114924376931,0.007330955158767835,0.009418931561002805,0.00615581284942629,0.010974447218832986,M
0.01154511727039652,0.020360826118191008,0.021256010591543084,0.022734884726893872,0.03630503046190045,0.036779093778881354,0.06201565094187718,0.0423772731829551,0.09284108446280409,0.12442435910770797,0.0987842315670114,0.11253930320189968,0.18806677134819055,0.17982301350824717,0.1545978206710649,0.1467868729349845,0.09928800869695152,0.21885998088575356,0.32142187607924577,0.41544821755590844,0.47074399224422814,0.48655100180703076,0.5140728040934556,0.5488471263257886,0.662239225103141,0.892157738271771,0.8694018391658079,0.6394910894313834,0.4764596780045851,0.2926926287434547,0.2820824957896655,0.22950514023900098,0.2290242387229622,0.25655618662194696,0.2762642989700379,0.18851852281069065,0.11782657835872841,0.13475579405477606,0.18212647056676254,0.2584134443164847,0.28622483622388295,0.26022602291387065,0.22057965087718745,0.1339561126220544,0.103980020124484,0.12122012999881848,0.08897518919617446,0.060578933390748886,0.04289450682882866,0.021023725166031185,0.0037060374370283537,0.009353289673341505,0.005953626898505986,,0.00550953757872904,0.004021443300940045,0.003919781740555465,0.005660312939678157,0.0024757419994792646,0.0030515137963847616,R
0.017043352451413044,0.004519722141173161,0.03107625747917725,0.06709558757110175,0.10160859978187792,0.07973250527455476,0.12145499143002762,0.11838429831688808,0.10770049639679177,0.1448152668980274,0.17041211395415484,0.18831072045074032,0.17268938678374784,0.22195032166100614,0.2302836952964818,0.3326569083140002,0.39762740867269714,0.5430715821697305,0.7268427489713977,0.7954317685358122,0.8592591537598759,0.8947439589428927,0.9356425259353061,0.9743228854738447,0.9623487103293787,0.913877135964245,0.8350159258031475,0.7589923770305073,0.6601023180651522,0.5506398732274299,0.40142068208281395,0.25955876213829665,0.18631275440945386,0.2130970041464633,0.28467429572158875,0.2713644705315896,0.2051821710601869,0.17996884053897186,0.2179510671160334,0.23071311569741904,0.2465105196998363,0.3130481776549905,0.27399167832650567,0.20340606650776943,0.13879344127173188,0.19210220614492612,0.1912579626805482,0.11784373544225743,0.0601726734293346,0.02523199299858127,0.02642558114181113,0.01934453159872533,0.017984379452064155,0.011066384434605432,0.0032982816225494444,0.0063812943544531405,0.008210626526081845,0.007149948018777796,0.005347003860810418,0.005068049709594185,M
0.02315543687722157,0.030078673390704157,0.020638780762796835,0.04725018592153767,0.03676508119528096,0.09349886082709735,0.14508120082483297,0.13454156070892923,0.1926653842660863,0.1999647963118262,0.20674876872160802,0.1922194560195477,0.14898244183609288,0.10744378279932097,0.20572113583430923,0.31621091151536884,0.4022635123967203,0.4615088387023605,0.5266886927269779,0.6875578001028737,0.830859224896678,0.9135676787535065,0.8566691421626584,0.7475738213060521,0.6584727020459273,0.4977461035811707,0.3721945348911524,0.2691855351147818,0.39537413710029684,0.45717500430929364,0.4282786149033349,0.4945244440292073,0.3555575428045682,0.1641905942211304,0.046295120619081497,0.1919202325311663,0.321562049595608,0.30741035803477956,0.2275867995212897,0.1485341949198444,0.12782801107769165,0.10064826578998698,0.08503172414309995,0.10307301034477713,0.07536593360670575,0.05513620960508239,0.06947702034312246,0.05142606927917588,0.022902694847540015,0.015252040737387812,0.010890854321956848,0.00910906528094237,0.0022811205544143974,0.0070848691599530896,0.0037856617425310675,0.0031680870027677114,0.006791384274636636,0.005475762074269724,0.0024075177760559006,0.0020408604586126377,M
0.0217,0.0152,0.0346,0.0346,0.0484,0.0526,0.0773,0.0862,0.1451,0.211,0.2343,0.2087,0.1645,0.1689,0.165,0.1967,0.2934,0.3709,0.4309,0.4161,0.5116,0.6501,0.7717,0.8491,0.9104,0.8912,0.8189,0.6779,0.5368,0.5207,0.5651,0.5749,0.525,0.4255,0.333,0.2331,0.1451,0.1648,0.2694,0.373,0.4467,0.4133,0.3743,0.3021,0.2069,0.179,0.1689,0.1341,0.0769,0.0222,0.0205,0.0123,0.0067,0.0011,0.0026,0.0049,0.0029,0.0022,0.0022,0.0032,M
0.03744046586608134,0.0430877797239741,0.04811610137616258,0.014099563225663778,0.024745122804658664,0.10004390271160299,0.10961224401314745,0.1293028215204456,0.2241689359852783,0.24746516243820837,0.2527724406501808,0.3610012024013321,0.4597451199485185,0.5797304170027734,0.7775118915261974,0.8322106561534798,0.9543609774945411,0.9570260454908579,0.8346256974608525,0.7332605303375608,0.5933289905428117,0.695821597542753,0.6639146971886014,0.5340712002609863,0.5500486588260389,0.7364918119148819,0.5861505633635944,0.5391120931488238,0.730511691649826,0.7494103746491863,0.560662551555014,0.34347982085769085,0.35727917399095416,0.4060189359287446,0.24487899693817677,0.15478370207982667,0.2586251904350041,0.2408895522150724,0.14829178694784134,0.19189029131259866,0.1941322767225122,0.23017418277075857,0.14065306451042317,0.10539151769215861,0.1903970943829257,0.22748691611616118,0.15031661939969276,0.08921065431435046,0.055078127970061584,0.03076584441755287,0.011161063430707746,0.003130238238850545,0.0029018888641481845,0.008585304116397217,0.008928296048794842,0.008704587764230203,0.005904962423645481,0.00512655483686093,0.003578934742713057,0.007307975570932744,R
0.0731,0.1249,0.1665,0.1496,0.1443,0.277,0.2555,0.1712,0.0466,0.1114,0.1739,0.316,0.3249,0.2164,0.2031,0.258,0.1796,0.2422,0.3609,0.181,0.2604,0.6572,0.9734,0.9757,0.8079,0.6521,0.4915,0.5363,0.7649,0.525,0.5101,0.4219,0.416,0.1906,0.0223,0.4219,0.5496,0.2483,0.2034,0.2729,0.2837,0.4463,0.3178,0.0807,0.1192,0.2134,0.3241,0.2945,0.1474,0.0211,0.0361,0.0444,0.023,0.029,0.0141,0.0161,0.0177,0.0194,0.0207,0.0057,M
0.0086,0.0215,0.0242,0.0445,0.0667,0.0771,0.0499,0.0906,0.1229,0.1185,0.0775,0.1101,0.1042,0.0853,0.0456,0.1304,0.269,0.2947,0.3669,0.4948,0.6275,0.8162,0.9237,0.871,0.8052,0.8756,1.0,0.9858,0.9427,0.8114,0.6987,0.681,0.6591,0.6954,0.729,0.668,0.5917,0.4899,0.3439,0.2366,0.1716,0.1013,0.0766,0.0845,0.026,0.0333,0.0205,0.0309,0.0101,0.0095,0.0047,0.0072,0.0054,0.0022,0.0016,0.0029,0.0058,0.005,0.0024,0.003,R
0.0094,0.0611,0.1136,0.1203,0.0403,0.1227,0.2495,0.4566,0.6587,0.5079,0.335,0.0834,0.3004,0.3957,0.3769,0.3828,0.1247,0.1363,0.2678,0.9188,0.9779,0.3236,0.1944,0.1874,0.0885,0.3443,0.2953,0.5908,0.4564,0.7334,0.1969,0.279,0.6212,0.8681,0.8621,0.938,0.8327,0.948,0.6721,0.4436,0.5163,0.3809,0.1557,0.1449,0.2662,0.1806,0.1699,0.2559,0.1129,0.0201,0.048,0.0234,0.0175,0.0352,0.0158,0.0326,0.0201,0.0168,0.0245,0.0154,M
0.0374,0.0586,0.0628,0.0534,0.0255,0.1422,0.2072,0.2734,0.307,0.2597,0.3483,0.3999,0.4574,0.595,0.7924,0.8272,0.8087,0.8977,0.9828,0.8982,0.889,0.9367,0.9122,0.7936,0.6718,0.6318,0.4865,0.3388,0.4832,0.3822,0.3075,0.1267,0.0743,0.151,0.1906,0.1817,0.1709,0.0946,0.2829,0.3006,0.1602,0.1483,0.2875,0.2047,0.1064,0.1395,0.1065,0.0527,0.0395,0.0183,0.0353,0.0118,0.0063,0.0237,0.0032,0.0087,0.0124,0.0113,0.0098,0.0126,M
0.0223,0.0375,0.0484,0.0475,0.0647,0.0591,0.0753,0.0098,0.0684,0.1487,0.1156,0.1654,0.3833,0.3598,0.1713,0.1136,0.0349,0.3796,0.7401,0.9925,0.9802,0.889,0.6712,0.4286,0.3374,0.7366,0.9611,0.7353,0.4856,0.1594,0.3007,0.4096,0.317,0.3305,0.3408,0.2186,0.2463,0.2726,0.168,0.2792,0.2558,0.174,0.2121,0.1099,0.0985,0.1271,0.1459,0.1164,0.0777,0.0439,0.0061,0.0145,0.0128,0.0145,0.0058,0.0049,0.0065,0.0093,0.0059,0.0022,R
0.0071,0.0103,0.0135,0.0494,0.0253,0.0806,0.0701,0.0738,0.0117,0.0898,0.0289,0.1554,0.1437,0.1035,0.1424,0.1227,0.0892,0.2047,0.0827,0.1524,0.3031,0.1608,0.0667,0.1426,0.0395,0.1653,0.3399,0.4855,0.5206,0.5508,0.6102,0.5989,0.6764,0.8897,1.0,0.9517,0.8459,0.7073,0.6697,0.6326,0.5102,0.4161,0.2816,0.1705,0.1421,0.0971,0.0879,0.0863,0.0355,0.0233,0.0252,0.0043,0.0048,0.0076,0.0124,0.0105,0.0054,0.0032,0.0073,0.0063,R
0.02169453490667215,0.03293886611806395,0.05636176444134069,0.06705285927156758,0.05739947347423838,0.0929487582038784,0.028833971753084407,0.0776779884255843,0.12642978509881925,0.11546711443159598,0.08626696201637693,0.09093845397407248,0.05450838501868391,0.10355594714059045,0.08796981341020862,0.17800765324709572,0.20181074174219335,0.2824693652730721,0.37693836555504295,0.4364356985872062,0.456189407898925,0.3994299032438022,0.43204268193057255,0.5107728513646026,0.40125695679915446,0.49427273623268553,0.6606273455363908,0.841539625556436,0.9120645570583704,0.7946147797376553,0.5651595169113232,0.42321833309717494,0.5829447174817195,0.6519117841667247,0.5008709450796713,0.539313864745642,0.6195874158934309,0.5839490142828593,0.47117968315262465,0.2852804346619834,0.20943563986765262,0.07727613739607186,0.02947418565704308,0.030301301714177654,0.009195840644103632,0.01245096814259808,0.007894580073819657,0.01226226983960481,0.004548875693586205,0.0038010673059398845,0.0019363378470293676,0.006370459742561415,0.016694907245584836,0.013378042173369348,0.0037661134907518673,0.009611293688906033,0.012367182941901615,0.006799712863934071,0.009400690992717776,0.007961103831687714,R
0.0124,0.0433,0.0604,0.0449,0.0597,0.0355,0.0531,0.0343,0.1052,0.212,0.164,0.1901,0.3026,0.2019,0.0592,0.239,0.3657,0.3809,0.5929,0.6299,0.5801,0.4574,0.4449,0.3691,0.6446,0.894,0.8978,0.498,0.3333,0.235,0.1553,0.3666,0.434,0.3082,0.3024,0.4109,0.5501,0.4129,0.5499,0.5018,0.3132,0.2802,0.2351,0.2298,0.1155,0.0724,0.0621,0.0318,0.045,0.0167,0.0078,0.0083,0.0057,0.0174,0.0188,0.0054,0.0114,0.0196,0.0147,0.0062,R
0.0047,0.0059,0.008,0.0554,0.0883,0.1278,0.1674,0.1373,0.2922,0.3469,0.3265,0.3263,0.2301,0.1253,0.2102,0.2401,0.1928,0.1673,0.1228,0.0902,0.1557,0.3291,0.5268,0.674,0.7906,0.8938,0.9395,0.9493,0.904,0.9151,0.8828,0.8086,0.718,0.672,0.6447,0.6879,0.6241,0.4936,0.4144,0.424,0.4546,0.4392,0.4323,0.4921,0.471,0.3196,0.2241,0.1806,0.099,0.0251,0.0129,0.0095,0.0126,0.0069,0.0039,0.0068,0.006,0.0045,0.0002,0.0029,M
0.0068,0.0232,0.0513,0.0444,0.0249,0.0637,0.0422,0.113,0.1911,0.2475,0.1606,0.0922,0.2398,0.322,0.4295,0.2652,0.0666,0.1442,0.2373,0.2595,0.2493,0.3903,0.6384,0.8037,0.7026,0.6874,0.6997,0.8558,1.0,0.9621,0.8996,0.7575,0.6902,0.5686,0.4396,0.4546,0.2959,0.1587,0.1681,0.0842,0.1173,0.1754,0.2728,0.1705,0.0194,0.0213,0.0354,0.042,0.0093,0.0204,0.0199,0.0173,0.0163,0.0055,0.0045,0.0068,0.0041,,0.0194,0.0105,R
0.009662190524233385,0.044276183281638175,0.04894652206099087,0.053021957825821454,0.10845173204963379,0.14270143108748082,0.113115341738117,0.11045604035701584,0.0437453868706755,0.07621534878566379,0.1662361383618455,0.29474885852186006,0.23276620134616052,0.18319180678507743,0.10040996410090781,0.10738344564283499,0.17121732673703752,0.3291728051871038,0.2681520205410278,0.47849457421272285,0.5938699042191964,0.6574766959486225,0.6919667475903761,0.7488894686515579,0.904635916540217,0.8955893173084726,0.7542467923860122,0.6759978709739569,0.6677298180952971,0.6483870586619758,0.6143120141474163,0.5696098948021163,0.6615967109363987,0.5767776438105127,0.5704117424929973,0.5614042970237948,0.4720657631641192,0.3246281261176573,0.16101032090625686,0.30985804370722125,0.2990095707235159,0.3795950795544688,0.33586517129199983,0.21013943656217035,0.16537505031638286,0.11506820796046367,0.07193411670309612,0.0706598594244579,0.027361336122087167,0.0077977770240523865,0.006671509806374203,0.003586197784426561,0.010651758481753263,0.006855987015288332,0.010403091729153338,0.0075762504208761365,0.006470940149659569,0.005320147651090578,0.0037168187912961148,0.010894392992160704,R
0.05558074357394273,0.08511179158314519,0.13184334826072056,0.12275665029274645,0.11895848786743114,0.11943365607914185,0.11312788107326333,0.10629838377461569,0.2324287207508493,0.37546614879503687,0.5463865525924866,0.5351672004448947,0.5590726515541625,0.5767858803192228,0.6770050799054278,0.8406617498602359,0.9562982213161905,0.9385971152662603,0.8163054896918865,0.7527251825504351,0.6671686240624292,0.36155444231995976,0.0640697139038711,0.04379799917570935,0.26694168391649886,0.33362085163996075,0.2924028371848727,0.2519199066167618,0.09820346167276169,0.23332026304921502,0.23918135196134932,0.2290368951429668,0.26146324005856614,0.222518758914256,0.2834222559372861,0.1201831919252736,0.1247375438109965,0.19572066451445816,0.18423284124172473,0.05242021374242124,0.11551240755469014,0.16346586701476887,0.14612855872742322,0.1431570948374078,0.069661497225071,0.018341961845375343,0.07044588033446803,0.07132230236310147,0.017331019847099987,0.008982140727291392,0.02675043935449973,0.012667357773267324,0.02534438879254273,0.01035675740109616,0.014279805078797765,0.01882412147970771,0.018448529849346626,0.013342534906601346,0.011442761213869139,0.013732255624599619,M
0.03711444769860653,0.07567195850227924,0.06763122253087331,0.06794187199082463,0.017552237114651332,0.0319132006270235,0.06033227908457971,0.1717804333098538,0.3382838463199524,0.6100752898158159,0.6305922671290396,0.4432762950712654,0.26636595229901383,0.19156250834264665,0.27783038197863036,0.4104842464388729,0.33805705291086247,0.365845013737472,0.42742190240156136,0.5416588769961543,0.6699200863946343,0.8354702004337827,0.9457100652324701,0.8952532844525701,0.5672003456707339,0.48208137359770953,0.44942655922828106,0.4417254451133465,0.5220674137747127,0.4902794102089154,0.458829598697834,0.1831228200751502,0.4252631725004764,0.5864116282598857,0.5468074005395032,0.39726903041253636,0.3824232583045594,0.3795672094876073,0.4517169573947423,0.41584485908299323,0.2580335961295342,0.37940100511439206,0.40770011614039325,0.20852995012892725,0.1391589430996015,0.0429929945227494,0.12393348616397104,0.17916438322735329,0.09752962405462476,0.02036836819601266,0.018625083355530227,0.01723767731600392,0.01734815449911793,0.01764616678534811,0.012540455072704482,0.005229243969573894,0.002693559272852215,0.01435414591936057,0.005368209123572616,0.0027345050438227643,M
0.02507279962627091,0.02990410741309673,0.03227996773645969,0.04279424042682988,0.07342365621457518,0.0919547287373919,0.1782047868507591,0.15449547386990514,0.12554887197204107,0.10719313985464127,0.14598427842800218,0.11341941541076116,0.20497932480140282,0.39991033092181794,0.5219211402063175,0.7064289842324368,0.835768049809768,0.8463918339200819,0.7544415725441516,0.6534364771061921,0.7595154215459353,0.7871511410213303,0.7890532268994894,0.8489665373293935,0.819499228929612,0.7916262796077594,0.7273594962803223,0.5371574268845822,0.31833495067754575,0.344473654396036,0.28095213387981055,0.22071356121072375,0.21359462257466139,0.1114133532630691,0.23278762413270448,0.30857163064605403,0.29162258298318394,0.18480499017277272,0.1208195487125821,0.23154424072876928,0.2536334271417832,0.17147469147488908,0.12327741741157515,0.15659856400469885,0.1247369692811971,0.0666666338499993,0.10040486292441295,0.09437552166209662,0.062025156029844875,0.01917301879597584,0.020518376692926978,0.010819524414518795,0.010221131092470068,0.005324410508971685,0.004899250594262003,0.007400662962142273,0.008046283964828035,0.009891401570046972,0.013172540647435423,0.009975519833275368,R
0.02024310390553755,0.029428667771894713,0.047191959299606116,0.05129426533968187,0.06743888672913395,0.12596880218467532,0.13253917937516352,0.1972353460366392,0.22362804321686114,0.2257517207118889,0.29447864311742505,0.3185661114373289,0.2958564037895642,0.34630239176369015,0.3851985739919609,0.41459184623037093,0.3359948977171296,0.24341721323773008,0.3446549575089052,0.3671337795776894,0.3708800340829672,0.25335814773270793,0.35258322653845015,0.49623745908447775,0.5127910532525768,0.5813787140077257,0.6005791854582924,0.6587115114818514,0.6473946841441869,0.6580104414490517,0.6801277867752529,0.5651619611911785,0.4757506492092727,0.3708504231937249,0.1781858554433555,0.1458028505197142,0.12143800924737011,0.19640628533531512,0.3412309745217866,0.4739232008812624,0.461948258663792,0.4129568679778894,0.4206731483147466,0.3685576279789447,0.4799345266368201,0.40546103688579926,0.26157624828302795,0.19880718388107088,0.11530550749240588,0.034995209648876716,0.006619240561533817,0.013155235253283399,0.019042941888260292,0.012875043998615268,0.01531424517207599,0.005721914215060247,0.0142545320416126,0.014749035375239052,0.012283395931062835,0.006458437910255497,M
0.09150248814434941,0.09205665601680238,0.07696157663377981,0.0842825775380217,0.08375165153170885,0.1124579559439972,0.09635054274908808,0.15205653315797363,0.12480201959698227,0.1588866426691026,0.2689127775972118,0.30200063666261995,0.34306739612615866,0.34845367461392035,0.43618126162551096,0.408319285689622,0.520185649759482,0.38879410996828995,0.4651429821916877,0.44811317583213445,0.41678914714641085,0.34864138671516137,0.35190522658673073,0.2658298168124873,0.3642993717667842,0.38569496358421795,0.3960003233328931,0.5834024606267445,0.6182054013646595,0.533253596858048,0.6312702081494745,0.5750304561456687,0.4511021458647481,0.5577444379097646,0.618866440184917,0.3700274779164035,0.12982933914854813,0.3093568928976269,0.3077408111815085,0.15114493881496854,0.4056773747260916,0.6087456822099244,0.5839151279491398,0.42596870637048295,0.443239714061879,0.5599780607052564,0.4402648182580344,0.2786246403546156,0.1393534801459497,0.04234856044907324,0.08070347395434548,0.06145122134729804,0.026478418885431603,0.025063868547376893,0.02292748507402854,0.009698907679293847,0.01425345476475011,0.018454113749372256,0.02279479812643777,0.011130205735834045,M
0.026,0.0363,0.0136,0.0272,0.0214,0.0338,0.0655,0.14,0.1843,,0.272,0.2442,0.1665,0.0336,0.1302,0.1708,0.2177,0.3175,0.3714,0.4552,0.57,0.7397,0.8062,0.8837,0.9432,1.0,0.9375,0.7603,0.7123,0.8358,0.7622,0.4567,0.1715,0.1549,0.1641,0.1869,0.2655,0.1713,0.0959,0.0768,0.0847,0.2076,0.2505,0.1862,0.1439,0.147,0.0991,0.0041,0.0154,0.0116,0.0181,0.0146,0.0129,0.0047,0.0039,0.0061,0.004,0.0036,0.0061,0.0115,M
0.014750679817874096,0.012535244706031883,0.013252849331957898,0.04905867208972488,0.06214841846529453,0.07776040610678073,0.0978623846435235,0.055946852536054,0.04914958883186567,0.03998166097899132,0.13587946421044805,0.170774581791265,0.24108195181326925,0.2871379407274716,0.40286741949426214,0.47960763903221215,0.4723677866348622,0.5523769804294009,0.7063700933592967,0.78039670719529,0.8236047839907157,0.8378651355152615,0.8843458969703334,0.9101513269451348,0.8416697133681987,0.8212176644829196,0.7138915463510005,0.5786335409065222,0.5863257947817682,0.6661208471913624,0.5089756883544732,0.298893327486454,0.36576744403317374,0.2832280823214729,0.14531127883037576,0.20621160084694354,0.1616294086164084,0.0658459104687196,0.1579116290929258,0.17560372714432118,0.2152382887955525,0.15392147342388235,0.08695805746130207,0.08357367394532857,0.08767194377824462,0.06570877264303879,0.05590073867512681,0.04639406959230821,0.02267215237425629,0.013667548548140306,0.013101365115160836,0.006672618757081437,0.009866775002069707,0.010845419487887184,0.00926313564154231,0.00691462331692374,0.0017976064244327892,0.0023110427654934305,0.003778794684788884,0.0026308036669382903,R
0.0626913123924929,0.08578620453709007,0.09439168829682257,0.12748023370828976,0.20998510118958713,0.10128996146773413,0.143177354476702,0.08581972174655923,0.20419349633841127,0.3018546523610366,0.24856367013975342,0.2444907173343348,0.44563957747211486,0.5416207160469098,0.37299880480836345,0.5387464335403312,0.7123155003000157,0.704213274929585,0.8350396767483417,0.8388709557372799,0.5937423970383185,0.5905135397625118,0.6382831762008708,0.5389177922445918,0.5680384724973947,0.6085959182294043,0.5812273743315421,0.5019287842721338,0.2894925484751535,0.4657051002941287,0.551180350428589,0.6255686434484012,0.5426485501612036,0.4938910532894395,0.3721494682439257,0.149198906882011,0.12831540597078783,0.3478949482159591,0.49478511844914447,0.2946438702582862,0.28272163176779613,0.31633237160614275,0.319741614007636,0.287964837151321,0.3528393136061176,0.376288410665036,0.24113645734628308,0.1981194833905464,0.11008200211817992,0.061507615988000065,0.023381266401832128,0.025495861092075862,0.026815626988371272,0.01832587202761523,0.03380036255487399,0.029192387404555317,0.02350912185485725,0.031447485635241045,0.023616587798380433,0.010779348476873219,M
0.035056652741878434,0.0665598619935313,0.1046549341289671,0.10647246720863175,0.0683331244985398,0.07212061534134379,0.02333572775172578,0.07299244823161151,0.188109177346387,0.11573688778102138,0.09603028563842045,0.12996985452584772,0.27432844859273375,0.31519574363549485,0.33756009984254326,0.35527867645849104,0.3780789186652814,0.21365498048205506,0.21277774060333546,0.30280591541946555,0.36382201232859873,0.5136120522299013,0.5746743301678056,0.5165403100775041,0.4948846220206601,0.47756876235412615,0.5122312481948854,0.7064960231098676,0.7716486026198003,0.7252231385243816,0.7679729526588037,0.7783589042529919,0.7626818093683088,0.5452831970083241,0.47496685644567227,0.34042827575613155,0.13702342809830384,0.26871495972632614,0.22080437569604078,0.16796876604206887,0.5701169321653259,0.6253885649822782,0.3857533131367905,0.47201420262969107,0.5852181083060282,0.5242855916754089,0.3306618973287804,0.13523577507957762,0.06759364759137627,0.03176205831440627,0.03485485755298358,0.04307831814032877,0.024992826219098603,0.020750989723149815,0.01511529380794629,0.0076189904702632615,0.018730394539865174,0.012482125672693547,0.017055201953327593,0.005711843820144396,M
0.03510545576131938,0.0515377898198218,0.05833082438269907,0.054838151501916066,0.022555181709582924,0.1400747680981134,0.18785809760053243,0.22201169902770973,0.27286423970297746,0.24966902856889533,0.3298932462179388,0.3642725902911192,0.358053936176529,0.4135998034487113,0.5584683611696131,0.6073311798043933,0.6127417599485392,0.6942445282139263,0.7655817748415685,0.7432174994119234,0.7819379450949578,0.855847058144968,0.8586352249734052,0.7818580410295239,0.7525493970423612,0.7483077403712809,0.6465405353928686,0.4951149937054821,0.5626919873408701,0.49287392717950185,0.42694998467438144,0.24708189287078058,0.13083889030068713,0.12820200730390635,0.15814367813136157,0.1394649655419914,0.17007567055823827,0.1212603288468168,0.2350406807872361,0.23332445718063285,0.12561993785238446,0.1435932049047131,0.24174531115483253,0.1889629779474242,0.117371818760217,0.12366065003674971,0.11358274752819586,0.06670876760264287,0.04291827969972968,0.02034292528314206,0.02519862134971064,0.010515012217544743,0.0056944919494244526,0.0202571081099523,0.0032600964023586977,0.006968119526535666,0.009357350909143528,0.010406231177234297,0.00789947389268593,0.010170213066323259,M
0.042221960633441726,0.04663192501509707,0.03377855294102457,0.025984268345100342,0.05341971219063419,0.08558756797591968,0.22675584667466583,0.27051819294757795,0.12640621810187827,0.22517311622562777,0.1977743977699547,0.1483327158242097,0.22686224001732141,0.26908936669064765,0.4142631659827119,0.42357384969370276,0.45429812350480187,0.40192793078602007,0.28894292474246963,0.1533025041365291,0.3129449058710892,0.3925661576330396,0.462065685032509,0.5006407850369347,0.5513347285308444,0.41231317080009344,0.31916596032519107,0.5987628083287149,0.6212527221955073,0.6075294035352057,0.4741668369889022,0.44531108357259436,0.5254545198280356,0.4415795324319671,0.5579909233924343,0.7476352182761119,0.8349653437202891,0.7200607708236517,0.6150134877969737,0.6795601967489403,0.7046474260941203,0.628635031199518,0.4502804045728403,0.2581708110977953,0.36611671634073845,0.43524831576891876,0.34905713533672417,0.25154819619271684,0.169912620220341,0.05999503114798548,0.028076862152620567,0.01731460301645343,0.014411512181905548,0.010013392391586643,0.013000552941366617,0.010239855277539883,0.0126273684497824,0.013569479365947042,0.007619754645371651,0.009233239132831243,R
0.024696697502944787,0.008877107482721226,0.03246056128816592,0.06866536163171948,0.09227283934739,0.07453386779905724,0.12461038466544831,0.11547283631804503,0.08629872079919454,0.13932963514443425,0.1852401991035395,0.1714799046740611,0.14505441592947774,0.22991238501460026,0.26566814602667815,0.4107582296152268,0.4883107068724782,0.6088464211774884,0.7163798713219083,0.771101326507058,0.8508564221980424,0.9452320974967353,1.0090506171331242,0.9908228501137182,0.963729344289965,0.8704242794708287,0.7447923721197381,0.6037739887603466,0.4901976587509384,0.45279728791390916,0.3778058915424342,0.27549562838331343,0.2251156246632127,0.26188245195620513,0.3145342023670331,0.34687947110223805,0.2931210826298936,0.25449558538843947,0.3594307743433945,0.396190671025063,0.35921433305341,0.3627599984394728,0.32074856673462115,0.2244283273604524,0.15415987439125903,0.20377643326507683,0.20015908437510183,0.11399700527237175,0.06309670394134181,0.031267261445316386,0.022492015467813598,0.017830359625769794,0.02384792477787634,0.016987088105071133,0.006295503627769384,0.008059556224902016,0.011858469030939308,0.008543654915788387,0.008346218279512001,0.006579874258165286,M
0.028758558129889897,0.013392769119309353,0.03175416605838956,0.04081840017080313,0.07913209862926146,0.10969053284765898,0.11310954763610348,0.1301188456778164,0.15073260562905294,0.2132170242096952,0.264760469029561,0.2906175487741718,0.298191392560644,0.2714579950331063,0.30902558741420033,0.33961761278380803,0.41666648963025626,0.4523111627168455,0.4260908315045936,0.45227891895884526,0.5334183059804767,0.712823230381134,0.8583684640917355,0.938175726851011,0.9934867937711802,0.9678824372673841,0.9128317686746882,0.9119532551599685,0.8035307766869547,0.6531895610431225,0.6037921828082573,0.5275645224212678,0.37677041285309926,0.1445797762916128,0.09099999537266072,0.1400110904230385,0.18586024789915,0.1763356605316268,0.1865561315233933,0.1350163729476672,0.19346198984624233,0.13525694882608488,0.1595480528378725,0.17150931612353434,0.10552676874837398,0.03651181697052094,0.10603225000065003,0.1129890380564036,0.06313459121306181,0.02521749924990113,0.012034194900940553,0.012130466595148779,0.014583578018344905,0.011173123687005853,0.005240454564911432,0.00776186449538648,0.00857024772208053,0.006163643778242992,0.008121350092045444,0.007826073317724913,M
,0.008145497680507575,0.04118965888429483,0.044182363345022624,0.03680031249261738,0.04624014921662867,0.09022628951547047,0.12055066975982894,0.07696461926853394,0.07626480045035354,0.14918106724687688,0.23636314629039645,0.22948988327624534,0.2036512769702551,0.039530735747596656,0.07454920098567246,0.16440761281589694,0.32380037834167313,0.3803742511597243,0.47095335538388494,0.4334119690405513,0.4888079818884386,0.6239761104139161,0.7370002390743005,0.7840859093660788,0.7040528235608642,0.5671202135535248,0.5957298641999876,0.728115606287434,0.7213248962796365,0.69862563403743,0.6688769030854623,0.6483140542970103,0.593732112874125,0.5350589682495023,0.49447849120621884,0.4451049167141286,0.22592607923766256,0.09633283528785301,0.27094016227892614,0.2894196999219058,0.33678474354332955,0.3391744424989225,0.3153483678588515,0.2662473927159136,0.17565838390615646,0.08509254192707034,0.04973100638430705,0.022966832149687158,0.012631638362308423,0.007613414567193324,0.005891776943047664,0.009132852779229325,0.011742138830670126,0.005265520351281494,0.008143464283729952,0.006557093378978425,0.0032442139972034293,0.005981728885491719,0.006706550953256446,R
0.0335,0.0258,0.0398,0.057,0.0529,0.1091,0.1709,0.1684,0.1865,0.266,0.3188,0.3553,0.3116,0.1965,0.178,0.2794,0.287,0.3969,0.5599,0.6936,0.7969,0.7452,0.8203,0.9261,0.881,0.8814,0.9301,0.9955,0.8576,0.6069,0.3934,0.2464,0.1645,0.114,0.0956,0.008,0.0702,0.0936,0.0894,0.1127,0.0873,0.102,0.1964,0.2256,0.1814,0.2012,0.1688,0.1037,0.0501,0.0136,0.013,0.012,0.0039,0.0053,0.0062,0.0046,0.0045,0.0022,0.0005,0.0031,M
0.0305,0.0363,0.0214,0.0227,0.0456,0.0665,0.0939,0.0972,0.2535,0.3127,0.2192,0.2621,0.2419,0.2179,0.1159,0.1237,0.0886,0.1755,0.1758,0.154,0.0512,0.1805,0.4039,0.5697,0.6577,0.7474,0.8543,0.9085,0.8668,0.8892,0.9065,0.8522,0.7204,0.62,0.6253,0.6848,0.7337,0.6281,0.5725,0.6119,0.5597,0.4965,0.5027,0.5772,0.5907,0.4803,0.3877,0.2779,0.1427,0.0424,0.0271,0.02,0.007,0.007,0.0086,0.0089,0.0074,0.0042,0.0055,0.0021,M
0.0093,0.0269,0.0217,0.0339,0.0305,0.1172,0.145,0.0638,0.074,0.136,0.2132,0.3738,0.3738,0.2673,0.2333,0.5367,0.7312,0.7659,0.6271,0.4395,0.433,0.4326,0.5544,0.736,0.8589,0.8989,0.942,0.9401,0.9379,0.8575,0.7284,0.67,0.7547,0.8773,0.9919,0.9922,0.9419,0.8388,0.6605,0.4816,0.2917,0.1769,0.1136,0.0701,0.1578,0.1938,0.1106,0.0693,0.0176,0.0205,0.0309,0.0212,0.0091,0.0056,0.0086,0.0092,0.007,0.0116,0.006,0.011,R
0.019204849179966822,0.05405874413356214,0.03760280642769948,0.03722232955447705,0.049374669813171825,0.08939349513237163,0.14845959427690905,0.12913509362785544,0.20202361931382806,0.24327156858702212,0.3081468485860957,0.296784472176517,0.2519373890769308,,0.18769111132939365,0.2245264046757627,0.3072996502749247,0.45413281668986843,0.6377282833061535,0.6776645583802071,0.6582479049710029,0.6802026882931808,0.7204839993897911,0.7616253617709601,0.8430264334293822,0.9715444702539308,0.9811639253216956,0.8416178888567538,0.7319365541859167,0.5409750086939903,0.2662555894879601,0.2689091318965118,0.2622642854086651,0.20179969203158601,0.2080796832903464,0.134467324229211,0.10846707905669233,0.16328673176107303,0.22423153010674707,0.2628489060131025,0.17277563342694122,0.13762429152622319,0.13547618903803313,0.1448237781937028,0.1397915928663617,0.1304389394109489,0.09745845762591711,0.04997841462906617,0.023576148439942785,0.00852300935559555,0.016342680783149106,0.012336367005940202,0.012176452748548085,0.008345159927126944,0.0027285368246187107,0.00358720165436759,0.0028563407753313882,0.004474879039241242,0.005438710662359812,0.004784978203657584,M
0.0156,0.021,0.0282,0.0596,0.0462,0.0779,0.1365,0.078,0.1038,0.1567,0.2476,0.2783,0.2896,0.2956,0.3189,0.1892,0.173,0.2226,0.2427,0.3149,0.4102,0.3808,0.4896,0.6292,0.7519,0.7985,0.883,0.9915,0.9223,0.6981,0.6167,0.5069,0.3921,0.3524,0.2183,0.1245,0.1592,0.1626,0.2356,0.2483,0.2437,0.2715,0.1184,0.1157,0.1449,0.1883,0.1954,0.1492,0.0511,0.0155,0.0189,0.015,0.006,0.0082,0.0091,0.0038,0.0056,0.0056,0.0048,0.0024,M
0.05128712320651443,0.038580055929905904,0.04463487503222527,0.03935378562709624,0.09435856862705339,0.0816010497489058,0.09474335159337775,0.05611274165521735,0.12151437532565287,0.06499643294143433,0.1738445713786782,0.21238166256475083,0.24349168826463022,0.30134991097052605,0.3938107091748667,0.47430624622618184,0.6573102640696838,0.8274942428925488,0.8947787494160534,0.9096798575741981,0.9069614004685143,0.9289734145240492,0.9404795097685282,0.8880848498841718,0.7812199671994993,0.6462105686712007,0.510806290454148,0.5096615561210617,0.48956001526284937,0.3721473215593359,0.30554966692445745,0.32075323388994287,0.29746414144793004,0.3405749088943419,0.34084372413592523,0.3756190611153791,0.40563715746089746,0.4072045405827036,0.42567687608494614,0.3313765060549995,0.32040720427722114,0.32055539673946193,0.2338766158771496,0.25479419003774856,0.16756077560179075,0.08893167514922831,0.06346522784125379,0.0242941866834098,0.03973677517841628,0.015876223435243256,0.004817794601258694,0.004343702789035659,0.003067986733173063,0.020234679970057522,0.017828221221507543,0.009752394948294408,0.011106593580181479,0.010048216743288037,0.010008344124120133,0.008594654640451845,M
0.012207583656815287,0.002190065920367,0.012420824547915281,0.04700058744129585,0.07114986406100232,0.09937988040646221,0.10620157941736827,0.09537050085815828,0.14941323451510347,0.1556552638591503,0.16284528652893784,0.14557907482994592,0.16799654070711015,0.16796318095512996,0.16501143357211934,0.2152037687564846,0.25965606288576426,0.25768614089872593,0.3442004543311481,0.5076672595019135,0.5859409662174421,0.7100448615744475,0.8586463975700062,0.7928132966864814,0.8417108128371038,0.9626087639342071,0.948250668453399,0.8704207415060587,0.7404599653840357,0.637588330038674,0.5782462020202954,0.5439423772299947,0.4784839314912513,0.4884040706673886,0.6040435512208038,0.5946048251607597,0.46217040388233105,0.2994941795819872,0.22565143268191748,0.2887282330312345,0.21344690233447178,0.10986864874085377,0.09994183127028645,0.10813382428429844,0.08772476829179343,0.0601576222007869,0.025632099433818927,0.02138769057149012,0.00930509352125944,0.010682344314814561,0.011550906581263653,0.007359120882845129,0.005218842401363975,0.005896147602453311,0.002829314256711867,0.007160607445494333,0.007015839725147,0.002964228695513469,0.00650456857709715,0.0037646358254029466,R
0.0116,0.0179,0.0449,0.1096,0.1913,0.0924,0.0761,0.1092,0.0757,0.1006,0.25,0.3988,0.3809,0.4753,0.6165,0.6464,0.8024,0.9208,0.9832,0.9634,0.8646,0.8325,0.8276,0.8007,0.6102,0.4853,0.4355,0.4307,0.4399,0.3833,0.3032,0.3035,0.3197,0.2292,0.2131,0.2347,0.3201,0.4455,0.3655,0.2715,0.1747,0.1781,0.2199,0.1056,0.0573,0.0307,0.0237,0.047,0.0102,0.0057,0.0031,0.0163,0.0099,0.0084,0.027,0.0277,0.0097,0.0054,0.0148,0.0092,M
0.0293,0.0378,0.0257,0.0062,0.013,0.0612,0.0895,0.1107,0.0973,0.0751,0.0528,0.1209,0.1763,0.2039,0.2727,0.2321,0.2676,0.2934,0.3295,0.491,0.5402,0.6257,0.6826,0.7527,0.8504,0.8938,0.9928,0.9134,0.708,0.6318,0.6126,0.4638,0.2797,0.1721,0.1665,0.2561,0.2735,0.3209,0.2724,0.188,0.1552,0.2522,0.2121,0.1801,0.1473,0.0681,0.1091,0.0919,0.0397,0.0093,0.0076,0.0065,0.0072,0.0108,0.0051,0.0102,0.0041,0.0055,0.005,0.0087,R
0.0453,0.0523,0.0843,0.0689,0.1183,0.2583,0.2156,0.3481,0.3337,0.2872,0.4918,0.6552,0.6919,0.7797,0.7464,0.9444,1.0,0.8874,0.8024,0.7818,0.5212,0.4052,0.3957,0.3914,0.325,0.32,0.3271,0.2767,0.4423,0.2028,0.3788,0.2947,0.1984,0.2341,0.1306,0.4182,0.3835,0.1057,0.184,0.197,0.1674,0.0583,0.1401,0.1628,0.0621,0.0203,,0.0742,0.0409,0.0061,0.0125,0.0084,0.0089,0.0048,0.0094,0.0191,0.014,0.0049,0.0052,0.0044,R
0.0119,0.0582,0.0623,0.06,0.1397,0.1883,0.1422,0.1447,0.0487,0.0864,0.2143,0.372,0.2665,0.2113,0.1103,0.1136,0.1934,0.4142,0.3279,0.6222,0.7468,0.7676,0.7867,0.8253,1.0,0.9481,0.7539,0.6008,0.5437,0.5387,0.5619,0.5141,0.6084,0.5621,0.5956,0.6078,0.5025,0.2829,0.0477,0.2811,0.3422,0.5147,0.4372,0.247,0.1708,0.1343,0.0838,0.0755,0.0304,0.0074,0.0069,0.0025,0.0103,0.0074,0.0123,0.0069,0.0076,0.0073,0.003,0.0138,R
0.0229,0.0369,0.004,0.0375,0.0455,0.1452,0.2211,0.1188,0.075,0.1631,0.2709,0.3358,0.4091,0.44,0.5485,0.7213,0.8137,0.9185,1.0,0.9418,0.9116,0.9349,0.7484,0.5146,0.4106,0.3443,0.6981,0.8713,0.9013,0.8014,0.438,0.1319,0.1709,0.2484,0.3044,0.2312,0.1338,0.2056,0.2474,0.279,0.161,0.0056,0.0351,0.1148,0.1331,0.0276,0.0763,0.0631,0.0309,0.024,0.0115,0.0064,0.0022,0.0122,0.0151,0.0056,0.0026,0.0029,0.0104,0.0163,R
0.0522,0.0437,0.018,0.0292,0.0351,0.1171,0.1257,0.1178,0.1258,0.2529,0.2716,0.2374,0.1878,0.0983,0.0683,0.1503,0.1723,0.2339,0.1962,0.1395,0.3164,0.5888,0.7631,0.8473,0.9424,0.9986,0.9699,1.0,0.863,0.6979,0.7717,0.7305,0.5197,0.1786,0.1098,0.1446,0.1066,0.144,0.1929,0.0325,0.149,0.0328,0.0537,0.1309,0.091,0.0757,0.1059,0.1005,0.0535,0.0235,0.0155,0.016,0.0029,0.0051,0.0062,0.0089,0.014,0.0138,0.0077,0.0031,M
0.0311,0.0491,0.0692,0.0831,0.0079,0.02,0.0981,0.1016,0.2025,0.0767,0.1767,0.2555,0.2812,0.2722,0.3227,0.3463,0.5395,0.7911,0.9064,0.8701,0.7672,0.2957,0.4148,0.6043,0.3178,0.3482,0.6158,0.8049,0.6289,0.4999,0.583,0.666,0.4124,0.126,0.2487,0.4676,0.5382,0.315,0.2139,0.1848,0.1679,0.2328,0.1015,0.0713,0.0615,0.0779,0.0761,0.0845,0.0592,0.0068,0.0089,0.0087,0.0032,0.013,0.0188,0.0101,0.0229,0.0182,0.0046,0.0038,R
0.056098474672642756,0.09245890906767895,0.07630626017631299,0.0640581137847792,0.10394113451158243,0.21736455782368333,0.16874229988918846,0.1957895009438754,0.24298031962342848,0.14744166359934197,0.26551562485570207,0.30169726114043555,0.4483219334415267,0.41052728080848666,0.26232384527362046,0.2624167160544688,0.3151336346356903,0.19164524865200203,0.28093211071578134,0.4088407703186322,0.597414546463358,0.7140175619657708,0.6752620590925166,0.5999105089148502,0.43862060241341394,0.5535860610098418,0.6410820370409335,0.7739602209111145,0.8211801805810371,0.7975673942981563,0.8620092826002853,0.7612894580579961,0.5859173886128931,0.5713686582536794,0.5891799877265976,0.3551420096383505,0.16421454816990463,0.17358569803144766,0.17117029741062575,0.28483593985139594,0.5826765097562352,0.7179524571968683,0.49297645515357963,0.377862721204762,0.5289261485945106,0.5078756408153411,0.25618540587304117,0.12344931526027204,0.04064217943507426,0.03404558397120008,0.03960756750936246,0.037591103590017355,0.02502478602897033,0.013309168611670866,0.010096015602787575,0.011272425819146193,0.0033220204335019854,0.010562252428074579,0.00772789075934366,0.007738104828220026,M
0.0253,0.0808,0.0507,0.0244,0.1724,0.3823,0.3729,0.3583,0.3429,0.2197,0.2653,0.3223,0.5582,0.6916,0.7943,0.7152,0.3512,0.2008,0.2676,0.4299,0.528,0.3489,0.143,0.5453,0.6338,0.7712,0.6838,0.8015,0.8073,0.831,0.7792,0.5049,0.1413,0.2767,0.5084,0.4787,0.1356,0.2299,0.2789,0.3833,0.2933,0.1155,0.1705,0.1294,0.0909,0.08,0.0567,0.0198,0.0114,0.0151,0.0085,0.0178,0.0073,0.0079,0.0038,0.0116,0.0033,0.0039,0.0081,0.0053,R
0.09794238297063682,0.087955555379369,0.1069045401642684,0.12022524996694578,0.13914263903490126,0.1222602510152025,0.1887308460492439,0.2581707725361105,0.2816501889989133,0.33443522294466127,0.48913937721858625,0.5170410090962272,0.6020218474607713,0.562209994897738,0.511494580786423,0.5497173993844573,0.6920301803485948,0.745537877809919,0.8442907309432971,0.7968771836939971,0.8107085897612023,0.8208888712191029,0.8028482368875735,0.7472064367491952,0.6132621406563746,0.6484860969677171,0.6019048401043677,0.6583680536745388,0.4919973734984566,0.3462827913466923,0.29335857886564676,0.31084027245247636,0.4181636514615955,0.4289674645652259,0.3690842987337563,0.2373448094797684,0.2823184468679622,0.3414706631011774,0.36776082122031584,0.30369849680063465,0.17432758590249803,0.21601414629560134,0.29174027311636297,0.19157292717621324,0.10112288323408054,0.11009212122722904,0.07234351750472355,0.0641317463656859,0.04691140498250444,0.02546388979894413,0.014286642470996716,0.011879688440691014,0.010609645134530781,0.02944354808630024,0.00791826296837802,0.008669578418476489,0.004143061429745266,0.01021171553641514,0.015108131384557898,0.006078048953404766,M
0.0087,0.0046,0.0081,0.023,0.0586,0.0682,0.0993,0.0717,0.0576,0.0818,0.1315,0.1862,0.2789,0.2579,0.224,0.2568,0.2933,0.2991,0.3924,0.4691,0.5665,0.6464,0.6774,0.7577,0.8856,0.9419,1.0,0.8564,0.679,0.5587,0.4147,0.2946,0.2025,0.0688,0.1171,0.2157,0.2216,0.2776,0.2309,0.1444,0.1513,0.1745,0.1756,0.1424,0.0908,0.0138,0.0469,0.048,0.0159,0.0045,0.0015,0.0052,0.0038,0.0079,0.0114,0.005,0.003,0.0064,0.0058,0.003,R
0.017858111930912707,0.020182456638654138,0.03271503081487596,0.03394546709319603,0.062392835730561196,0.0766885671837746,0.09891814364056772,0.10814401387318309,0.17893716599376056,0.23557180498865318,0.2767560685125043,0.311153988829862,0.3744950735402534,0.3521998765034926,0.3328992952209414,0.2774254217967289,0.2969684595383818,0.34262641376998754,0.45945781842407274,0.6313308778375295,0.7836214548784775,0.871442964885492,0.8857808496763112,0.9291329218947886,0.9493025562538302,0.9680189790667519,0.9272804274184843,0.8172877313003613,0.7306568673784308,0.575196744058714,0.4635317121800744,0.3330184348647828,0.2167261533545635,0.23261086139247955,0.2904937610258995,0.3724218842042578,0.4150224344693471,0.42178546425128244,0.38618523274174343,0.3038897914182363,0.18538922439536473,0.13014935822436036,0.17624983461983573,0.15473146877603755,0.08438818318520286,0.12639834671655026,0.08878232177610591,0.02865464973917541,0.03512245423285344,0.01825165611398854,0.014630479625255181,0.007302886114404356,0.006974494558765981,0.016009549659873508,0.012239595823685936,0.003991646258380914,0.006185868091147326,0.009462999124203118,0.008411950061531977,0.004542274210058381,M
0.010680649234119172,0.011077399095982024,0.021501432517056537,0.03150852659863936,0.03923695608908759,0.06168176146781985,0.022085229750362,0.06281008533787916,0.09747792458736013,0.07955728826696452,0.09768812172421186,0.07739605306835784,0.11346052881388656,0.1469403822163728,0.12567401876280956,0.17336953395312296,0.2244257084712083,0.22622686869839803,0.23147974238078534,0.2681747539096499,0.3495979729370284,0.5285196173328734,0.6580959858894745,0.7150455451234919,0.7262361454221617,0.8426566313710777,0.9191668208718768,0.9493019834466455,0.8849562728074681,0.7635782394387326,0.6566672995731523,0.5905907319670342,0.5478265872456776,0.594013951380616,0.6063979105057759,0.516870849868489,0.3338702775082419,0.2369219772466222,0.19325347665001422,0.1677676463137541,0.15052037763864692,0.14543100310633836,0.18521483517492382,0.14824293368867997,0.04842960882336621,0.046502752558446374,0.025061361563260016,0.030689303386913804,0.01991466565799385,0.00840954777860172,0.010331940414165283,0.010284201208148824,0.010141409237432345,0.0024338934015254647,0.002847104939590695,0.002296092280554046,0.009102495466142944,0.0053815039322331615,0.0037242415150312044,0.0052891781772227186,R
0.010232587717885783,0.01520618670144918,0.023843224245033108,0.03730139220731098,0.08363134482834045,0.06874397657296742,0.03964795194810038,0.03682582034536818,0.08467849478240883,0.16113203910345364,0.17427258208924182,0.10767531032478234,0.15373747424950798,0.08855307229691847,0.18131454146951698,0.42535094032084203,0.5946993575706652,0.6950997159669283,0.5595133914114525,0.3325773540627347,0.3357143235957051,0.25405874319578514,0.34020462472432095,0.6250572736146136,0.7020198903238483,0.6840300741097145,0.6952852261394237,0.755075940420404,0.6164317770555375,0.44854555149024194,0.3988004879018661,0.3516149124685123,0.36659434222264364,0.2282611710675041,0.2558453709372673,0.32078141555284084,0.2060959586206631,0.2048953079660164,0.2739892312183138,0.26521821926544803,0.14331241952940826,0.12218642010697903,0.10559498226085533,0.09426951788210884,0.09206933849818175,0.08234639408531008,0.055161336412355606,0.05327945876603544,0.01518361252443529,0.01754211017740969,0.005981629890275458,0.023354719678335426,0.014359637171528513,0.013765436986071664,0.01421450962947998,0.005651543490136279,0.00496665730758171,0.0035563716280145033,0.007558461707225048,0.005342305414145801,R
0.009,0.0062,0.0253,0.0489,0.1197,0.1589,0.1392,0.0987,0.0955,0.1895,0.1896,0.2547,0.4073,0.2988,0.2901,0.5326,0.4022,0.1571,0.3024,0.3907,0.3542,0.4438,0.6414,0.4601,0.6009,0.869,0.8345,0.7669,0.5081,0.462,0.538,0.5375,0.3844,0.3601,0.7402,0.7761,0.3858,0.0667,0.3684,0.6114,0.351,0.2312,0.2195,0.3051,0.1937,0.157,0.0479,0.0538,0.0146,0.0068,0.0187,0.0059,0.0095,0.0194,0.008,0.0152,0.0158,0.0053,0.0189,0.0102,R
0.007385493058553297,0.013350702983744255,0.008760252681102991,0.03808890203082397,0.052485992740774506,0.12550318994698165,0.14471603983643294,0.10559775717347819,0.11473332978056063,0.10419825320617158,0.12991291220189813,0.16976372356513353,0.21133624122160405,0.21154995146045172,0.2621048872910797,0.2867394506146762,0.2880744868278846,0.3273611484878136,0.3182277895123102,0.32735155538079086,0.37383106877985744,0.35401859414940967,0.4208347623214616,0.5675969719715838,0.7643356956870737,0.8626184891783653,0.8129820760234314,0.7115202690762095,0.6278329936365933,0.4835441892894515,0.34290396745152685,0.19179014110839074,0.19432888209901247,0.22814678607211153,0.31153254257105034,0.22314246198179763,0.09469698804402897,0.0993815319972594,0.14344763571751096,0.21031778833342207,0.24507055396736305,0.2026768838966362,0.1643589347579858,0.09710182003182018,0.10359638319749137,0.08168422108323517,0.04490896247273319,0.04630029469285965,0.03274605794781479,0.009067954253113693,0.00856725016842747,0.010837189768470647,0.004780346634301894,0.005334592136173404,0.005931902257063838,0.0014841402887024316,0.0021295105283876247,0.004459715451539016,0.004090105194724534,0.004565946047915994,R
0.0274,0.0242,0.0621,0.056,0.1129,0.0973,0.1823,0.1745,0.144,0.1808,0.2366,0.0906,0.1749,0.4012,0.5187,0.7312,0.9062,0.926,0.7434,0.4463,0.5103,0.6952,0.7755,0.8364,0.7283,0.6399,0.5759,0.4146,0.3495,0.4437,0.2665,0.2024,0.1942,0.0765,0.3725,0.5843,0.4827,0.2347,0.0999,0.3244,0.399,0.2975,0.1684,0.1761,0.1683,0.0729,0.119,0.1297,0.0748,0.0067,0.0255,0.0113,0.0108,0.0085,0.0047,0.0074,0.0104,0.0161,0.022,0.0173,R
0.025795900884898023,0.022323695654294384,0.028131673427893356,0.02375228181933641,0.06763370966942055,0.08403309054744329,0.09138677739711104,0.13231386564624556,0.21378768323566008,0.2262060282487205,0.21773277269771574,0.21011314770827577,0.2542017428349014,0.37098209341469424,0.48495668680088994,0.5560035506260457,0.6665714104854288,0.6590747932347204,0.6592836655466487,0.7367364212462113,0.8625298376688196,0.9000939098753871,0.8581658004030037,0.8208805328864397,0.776441393325059,0.787871729464346,0.7682173795912625,0.626689389317925,0.5045849233232479,0.49795721969285367,0.3597531258887355,0.34042795748324345,0.28159447753117933,0.13531753368734226,0.12259748363328953,0.2314112665728485,0.3261593041593663,0.28818083915523385,0.21483746818803745,0.21990234330712996,0.19447719403600908,0.20662962159592724,0.2024474622849921,0.1529600439315494,0.09560825210735266,0.0682967358687513,0.11029409585201572,0.0892171494354018,0.05534061443359931,0.029536257224692847,0.018036405137789105,0.016879684313146445,0.01424138960186263,0.009670985620209493,0.004250312965763599,0.010143815930008479,0.01068722031232529,0.009196822851634383,0.006881029988160409,0.00921362676522433,M
0.0411,0.0277,0.0604,0.0525,0.0489,0.0385,0.0611,0.1117,0.1237,0.23,0.137,0.1335,0.2137,0.1526,0.0775,0.1196,0.0903,0.0689,0.2071,0.2975,0.2836,0.3353,0.3622,0.3202,0.3452,0.3562,0.3892,0.6622,0.9254,1.0,0.8528,0.6297,0.525,0.4012,0.2901,0.2007,0.3356,0.4799,0.6147,0.6246,0.4973,0.3492,0.2662,0.3137,0.4282,0.4262,0.3511,0.2458,0.1259,0.0327,0.0181,0.0217,0.0038,0.0019,0.0065,0.0132,0.0108,0.005,0.0085,0.0044,M
0.02722004439670604,0.02520930199191897,0.038738263134927085,0.03310306283260184,0.060409897985503266,0.055050797839726474,0.11383595325084976,0.10111946863890268,0.14670023992325237,0.18218877626503557,0.22196832082437104,0.26222509704082575,0.2718891999406649,0.2998952587671823,0.2816947967678716,0.3440886845202615,0.4011738171944296,0.48611243423578826,0.6164007618963424,0.7317215048004468,0.8345810174139694,0.8710863024863822,0.890866735761102,0.9507303160766482,0.9467102759869697,0.9391759473972823,0.9676950877793642,0.9298688570936855,0.8071443415532321,0.6116100663796364,0.3954235734551871,0.33130301260491396,0.24598436806266236,0.133783694792546,0.13802345211806286,0.1097971276272906,0.1588194249122142,0.21751492160316252,0.1676663355442219,0.19011636390394374,0.1716812928721982,0.19003569558969124,0.21273530056327705,0.22973352610417694,0.1675004653714163,0.1436786842323933,0.133718591518619,0.09397416747581068,0.05872704051387538,0.02063847655032339,0.015262005338571357,0.015043576219555075,0.007554266425437038,0.00629185297504188,0.0061831829601980675,0.007899479717763917,0.0052013481450404585,0.0024800314816382564,0.004007901234291322,0.002909130193211627,M
0.017970680800552658,0.007792660868716473,0.014736402362666006,0.04366659435463439,0.06585640748505314,0.11768713571943533,0.1426468778613111,0.11230980040751626,0.16235432380136258,0.16079947580699938,0.1681533094203486,0.1721400196211067,0.23610609016095235,0.33629103183348436,0.4342841057302489,0.5608764154757652,0.6636428728719075,0.7273377881665295,0.7972047254443979,0.8649164886584783,0.9003281755375988,0.9504357952781938,0.9119382479476393,0.8041330454168958,0.7109025791982364,0.6870462116452826,0.6653933394465426,0.7074046893294073,0.7033849012086967,0.6124099647157683,0.40348030056303885,0.3443284547444948,0.3093440461337169,0.16294713716394968,0.18385172881374331,0.1922022795005767,0.18899029851423413,0.22583553122101957,0.19329059529951959,0.20471773409377797,0.27124281012586526,0.2281999686106938,0.16494026908886836,0.19732836300273315,0.15429699962465004,0.07899989751759076,0.09494924847461007,0.0870202474376381,0.05662006847077554,0.01898692385564802,0.014877690780674413,0.01550266701157208,0.009259075223310917,0.009179113574595154,0.005620200295046512,0.010788135200607549,0.006303498904790089,0.003689652293263599,0.005462743278860724,0.002404481228870813,M
0.1083,0.107,0.0257,0.0837,0.0748,0.1125,0.3322,0.459,0.5526,0.5966,0.5304,0.2251,0.2402,0.2689,0.6646,0.6632,0.1674,0.0837,0.4331,0.8718,0.7992,0.3712,0.1703,0.1611,0.2086,0.2847,0.2211,0.6134,0.5807,0.6925,0.3825,0.4303,0.7791,0.8703,1.0,0.9212,0.9386,0.9303,0.7314,0.4791,0.2087,0.2016,0.1669,0.2872,0.4374,0.3097,0.1578,0.0553,0.0334,0.0209,0.0172,0.018,0.011,0.0234,0.0276,0.0032,0.0084,0.0122,0.0082,0.0143,M
0.009564435583458328,0.01304900387769262,0.01985630169088232,0.022143057999565542,0.03460909186913185,0.05427441238680886,0.07143082281805656,0.05095969769381825,0.09760836488418653,0.10052346144162262,0.07590972176700794,0.06743347396618961,0.08453080045709975,0.12548410759169965,0.07494276048341861,0.08585831616520126,0.17675331052835278,0.24707084011132188,0.2614143736506916,0.3440140365629102,0.46737277494877805,0.6031677523883296,0.702641421545249,0.7610385840912077,0.833688477462893,0.9052929583338056,0.9275885554920341,0.8736619400023017,0.8217601869347705,0.7430095851860119,0.6313130415837985,0.5772296522327244,0.564899160272549,0.5376423644757543,0.5112151232307021,0.4933516467153919,0.43588086349678895,0.37251139538318734,0.26860400163989706,0.2496545001296817,0.19740707262299126,0.08952371562544095,0.06198583714677679,0.07331804955401577,0.0895486448517602,0.05751156604030462,0.028810420258729687,0.032752220060870085,0.013969740829732841,0.00551133070954501,0.0033330334320958318,0.004754733247437052,0.008801184988889979,0.0036808526301088202,0.005254863184183849,0.006150364105389357,0.0024656901144911847,0.0029205661940470656,0.007641092992838203,0.005111274473909956,R
0.11117800655405799,0.14363408876461245,0.1635765959187724,0.20848282749364444,0.19921245550084904,0.145153520709959,0.13202036323507396,0.25343387637649506,0.42048747024270133,0.3845634554471599,0.32816060152419063,0.19235495857694163,0.2531395144420614,0.3125780549265739,0.4002033914438637,0.4742720945871995,0.32494854347639524,0.30290730144545297,0.32830188478405975,0.6415827206776108,0.684330202187698,0.3214238907824607,0.23520306916571257,0.3836365766848481,0.3502509914972453,0.3340652768876395,0.34137523990441027,0.4569045839263126,0.4433221621347046,0.4698746616620931,0.28866341332675605,0.297433149600658,0.3182339548275945,0.4199015974399901,0.5146203475664453,0.6257617067622971,0.5840249882732931,0.6030671595764115,0.557255449464299,0.47980166689196213,0.3131937348741214,0.19802637857648211,0.18585675809744087,0.21048038753816603,0.3703314554009524,0.27176365978756595,0.1539349239674686,0.1404576278235904,0.09000596290824028,0.03762241122573894,0.01902650975758992,0.019279074383012563,0.01336755225960937,0.0241279514435837,0.018797141199193824,0.013071997677168427,0.011728833730980794,0.01704417355802989,0.019569303827136817,0.01178538770578289,M
0.03237798836947079,0.03980767478980428,0.019673745219274452,0.0540661651029912,0.027640237746299836,0.06619497845110422,0.12587925287904086,0.13763972050872716,0.12790557948119458,0.16272577041117003,0.12532617676760313,0.18983774991804692,0.21270868702279347,0.24646418705137849,0.2145513367663037,0.21707618813558274,0.18264629752048517,0.5001815958599564,0.6438655198107723,0.6396309427262687,0.6237406183526598,0.7350876034258885,0.8606382341997773,0.8368242866606218,0.6728549880112579,0.444924576072218,0.36422954641736066,0.6563128648014246,0.7088778966801244,0.6390287820018097,0.803421521688905,0.7572948760556004,0.5756000028968253,0.46196821455938436,0.5247904062038525,0.5294134339402206,0.18593854361880166,0.31084700690171724,0.36953731175901733,0.32152386932776456,0.2160529302076821,0.1559549236770287,0.32390540884013025,0.23481845259576825,0.06881239680655335,0.10097756090105338,0.10207824864168809,0.042517811307612285,0.05140089983882199,0.04995099958852487,0.020798031899683073,0.01918564212999075,0.020100128228958118,0.010921278526427897,0.005192736816164501,0.0071816611225739724,0.006821270308163031,,0.01027018946842169,0.010528419483991762,R
0.027987225135554537,0.0580630480873286,0.027859626472130024,0.02898323849751205,0.03752155962599719,0.05858360916258458,0.07828354674953267,0.06521954305154183,0.05649763548497034,0.08637731939589224,0.0896310233655347,0.09064046274271542,0.21793792798798958,0.27150996540842515,0.2027661609103045,0.14661840519345695,0.15749995194527305,0.15668875551663022,0.2629348685795697,0.34781720133504535,0.3481015184840883,0.4898628871520155,0.2704635700238316,0.2676258371309881,0.5778252387382582,0.806159910942279,0.8047910323973082,0.6832074434401335,0.5814117690917561,0.574011010149684,0.642764776292561,0.6869657798437809,0.6656412820538944,0.5427837677923049,0.6504960476785171,0.767253467479581,0.7732998750568957,0.6779986177407382,0.5043229477169576,0.31479328211399676,0.23235448914034487,0.20252467908064867,0.21403715708612503,0.2381837164905218,0.23392180537999502,0.17283578137735672,0.11827218733905451,0.08645241579345646,0.04228946264771309,0.009439318404428129,0.012853646193701019,0.015387053041037128,0.024725703946715548,0.010097817525855772,0.016066000517261814,0.011109909185104058,0.0033844599392912167,0.009527319779457801,0.006626544412412825,0.004996851514368635,R
0.0132,0.008,0.0188,0.0141,0.0436,0.0668,0.0609,0.0131,0.0899,0.0922,0.1445,0.1475,0.2087,0.2558,0.2603,0.1985,0.2394,0.3134,0.4077,0.4529,0.4893,0.5666,0.6234,0.6741,0.8282,0.8823,0.9196,0.8965,0.7549,0.6736,0.6463,0.5007,0.3663,0.2298,0.1362,0.2123,0.2395,0.2673,0.2865,0.206,0.1659,0.2633,0.2552,0.1696,0.1467,0.1286,0.0926,0.0716,0.0325,0.0258,0.0136,0.0044,0.0028,0.0021,0.0022,0.0048,0.0138,0.014,0.0028,0.0064,R
0.01830423276108973,,0.035496080756262344,0.039665257178049244,0.06808126174584893,0.1253127281219353,0.16069431914949883,0.13804501282713663,0.1655468733387584,0.20420542774901354,0.19588944410438744,0.13548650717840452,0.21854678912105602,0.29139952725151474,0.37167759989666177,0.46020452473818035,0.5145088683667195,0.6049405360396514,0.711883875495106,0.7471821313624885,0.725554681328311,0.7143356000089649,0.6982123015034227,0.6180464980956308,0.5640048955704269,0.5900509297836626,0.6578584026613643,0.7737940224004918,0.8243305594859454,0.6585807005348429,0.4160218464587829,0.3772434011955363,0.47499616625376156,0.3834252772159798,0.21228030939238726,0.09604742583802653,0.08405208740957694,0.10265153760623077,0.09149000958670547,0.17364394699672944,0.24865684724029263,0.29451599947094154,0.20250985908265906,0.1379017836048931,0.15978549864173852,0.10292638941091868,0.12668979731351132,0.10506612305773053,0.06423605906992805,0.019280851209081976,0.012313309578710017,0.009812370987368828,0.007778283875122201,0.005115078534808712,0.002287310677560001,0.005424957752475217,0.003162933340423876,0.008857234053195736,0.007135582061678862,0.0010833820532165693,M
0.0353,0.0713,0.0326,0.0272,0.037,0.0792,0.1083,0.0687,0.0298,0.088,0.1078,0.0979,0.225,0.2819,0.2099,0.124,0.1699,0.0939,0.1091,0.141,0.1268,0.3151,0.143,0.2264,0.5756,0.7876,0.7158,0.5998,0.5583,0.6295,0.7659,0.894,0.8436,0.6807,0.838,1.0,0.9497,0.7866,0.5647,0.348,0.2585,0.2304,0.2948,0.3363,0.3017,0.2193,0.1316,0.1078,0.0559,0.0035,0.0098,0.0163,0.0242,0.0043,0.0202,0.0108,0.0037,0.0096,0.0093,0.0053,R
0.0191,0.0173,0.0291,0.0301,0.0463,0.069,0.0576,0.1103,0.2423,0.3134,0.4786,0.5239,0.4393,0.344,0.2869,0.3889,0.442,0.3892,0.4088,0.5006,0.7271,0.9385,1.0,0.9831,0.9932,0.9161,0.8237,0.6957,0.4536,0.3281,0.2522,0.3964,0.4154,0.3308,0.1445,0.1923,0.3208,0.3367,0.5683,0.5505,0.3231,0.0448,0.3131,0.3387,0.413,0.3639,0.2069,0.0859,0.06,0.0267,0.0125,0.004,0.0136,0.0137,0.0172,0.0132,0.011,0.0122,0.0114,0.0068,M
0.0158,0.0239,0.015,0.0494,0.0988,0.1425,0.1463,0.1219,0.1697,0.1923,0.2361,0.2719,0.3049,0.2986,0.2226,0.1745,0.2459,0.31,0.3572,0.4283,0.4268,0.3735,0.4585,0.6094,0.7221,0.7595,0.8706,1.0,0.9815,0.7187,0.5848,0.4192,0.3756,0.3263,0.1944,0.1394,0.167,0.1275,0.1666,0.2574,0.2258,0.2777,0.1613,0.1335,0.1976,0.1234,0.1554,0.1057,0.049,0.0097,0.0223,0.0121,0.0108,0.0057,0.0028,0.0079,0.0034,0.0046,0.0022,0.0021,M
0.016630832225722855,0.021129363492977005,0.016956776496091393,0.03130709691415427,0.043149708239816696,0.05592671454531415,0.06201809995547637,0.05696114985708643,0.09295811236876267,0.16087774918038986,0.23784877643757465,0.20780318697429173,0.22672541351317516,0.1949030266895118,0.17056013708342066,0.24293158387395317,0.37436935951653405,0.4132621447041168,0.5121289196685742,0.6068260235045587,0.7480178356181243,0.8504540463632374,0.8002820995393771,0.7023982202857388,0.716053658885922,0.8065541483548778,0.8254354673727794,0.6869984066358341,0.5597208002152,0.45984293791945047,0.1658043398218541,0.31585147691439647,0.4509748996408941,0.4935994974136607,0.6184554208187908,0.8016317783263435,0.743932412095188,0.5547456957375694,0.36613632691960696,0.24780956520450328,0.2166839028361318,0.3000853149525334,0.3634984034758932,0.34899255231813026,0.29569564502488727,0.18346838570540816,0.09674037980464333,0.04890632334671327,0.033122382730431305,0.014592385440345168,0.007743847514674127,0.010315131934343096,0.004515760582152189,0.006917342011510046,0.0023589572387410947,0.004039498049997462,0.0043674356495101195,0.0044537593785178705,0.0020465181215303823,0.005720670134115171,M
0.0368,0.0279,0.0103,0.0566,0.0759,0.0679,0.097,0.1473,0.2164,,0.2936,0.2935,0.2657,0.3187,0.2794,0.2534,0.198,0.1929,0.2826,0.3245,0.3504,0.3324,0.4217,0.4774,0.4808,0.6325,0.8334,0.9458,1.0,0.8425,0.5524,0.4795,0.52,0.3968,0.194,0.1519,0.201,0.1736,0.1029,0.2244,0.3717,0.4449,0.3939,0.203,0.201,0.2187,0.184,0.1477,0.0971,0.0224,0.0151,0.0105,0.0024,0.0018,0.0057,0.0092,0.0009,0.0086,0.011,0.0052,M
0.013,0.012,0.0436,0.0624,0.0428,0.0349,0.0384,0.0446,0.1318,0.1375,0.2026,0.2389,0.2112,0.1444,0.0742,0.1533,0.3052,0.4116,0.5466,0.5933,0.6663,0.7333,0.7136,0.7014,0.7758,0.9137,0.9964,1.0,0.8881,0.6585,0.2707,0.1746,0.2709,0.4853,0.7184,0.8209,0.7536,0.6496,0.4708,0.3482,0.3508,0.3181,0.3524,0.3659,0.2846,0.1714,0.0694,0.0303,0.0292,0.0116,0.0024,0.0084,0.01,0.0018,0.0035,0.0058,0.0011,0.0009,0.0033,0.0026,M
0.0225,0.0019,0.0075,0.0097,0.0445,0.0906,0.0889,0.0655,0.1624,0.1452,0.1442,0.0948,0.0618,0.1641,0.0708,0.0844,0.259,0.2679,0.3094,0.4678,0.5958,0.7245,0.8773,0.9214,0.9282,0.9942,1.0,0.9071,0.8545,0.7293,0.6499,0.6071,0.5588,0.5967,0.6275,0.5459,0.4786,0.3965,0.2087,0.1651,0.1836,0.0652,0.0758,0.0486,0.0353,0.0297,0.0241,0.0379,0.0119,0.0073,0.0051,0.0034,0.0129,0.01,0.0044,0.0057,0.003,0.0035,0.0021,0.0027,R
0.019,0.0038,0.0642,0.0452,0.0333,0.069,0.0901,0.1454,0.074,0.0349,0.1459,0.3473,0.3197,0.2823,0.0166,0.0572,0.2164,0.4563,0.3819,0.5627,0.6484,0.7235,0.8242,0.8766,1.0,0.8582,0.6563,0.5087,0.4817,0.453,0.4521,0.4532,0.5385,0.5308,0.5356,0.5271,0.426,0.2436,0.1205,0.3845,0.4107,0.5067,0.4216,0.2479,0.1586,0.1124,0.0651,0.0789,0.0325,0.007,0.0026,0.0093,0.0118,0.0112,0.0094,0.014,0.0072,0.0022,0.0055,0.0122,R
0.046144033332552674,0.07624912687967399,0.05554555443871608,0.048679306028809044,0.10061546192353997,0.20863302915359216,0.16932547876802734,0.18324536301834146,0.2139905524634572,0.12303755100668697,0.22921345457845907,0.235363717366137,0.36181063902489813,0.3325390030023933,0.21081860831487514,0.3063665305516212,0.36869870462687176,0.26828803269669943,0.37908242292100847,0.4539207083543454,0.5897319928361947,0.7504774151795816,0.773666609380316,0.7511125703745974,0.6058200705157815,0.5981547598719711,0.6385920703031654,0.7759104216968692,0.8152153918563838,0.7802363528371632,0.8491378237144425,0.7754033575320979,0.6005222897343188,0.596628854275546,0.6517181958892398,0.4076179566008226,0.18632378770031813,0.19133222813285217,0.1765992286955002,0.3104280352984589,0.6252707363205311,0.7448562363994274,0.4937833629761641,0.38685440082229644,0.5326211978732684,0.5236465608254061,0.27966025161948177,0.1335571447300731,0.043113965530101245,0.034723338193571165,0.04125017943944381,0.03857778442146625,0.027159781028186482,0.015681729278936667,0.010246190466389053,0.011285872718587234,0.004118881840629601,0.010232245642079153,0.007590989787541775,0.007665309394217627,M
,0.01208835685042673,0.016877644098077866,0.038245632507554604,0.03695796866486351,0.025978521677648227,0.07109642950020517,0.06980337847897085,0.06667414828366873,0.09277764175704327,0.11420701689942825,0.12092694885177573,0.1418437113700884,0.12132076784679757,0.0663978617368996,0.08450026049952934,0.12539929749565376,0.16422555733556365,0.29149196782468806,0.28293420375511547,0.21797261162692447,0.30045276896705536,0.42255937590414483,0.5779725374888036,0.6003226527847022,0.6166444366748012,0.5788100907340069,0.7482326548914998,0.9762271180173092,0.9674328801999524,0.8807695088074894,0.828913709789058,0.7651265880623191,0.6365918521621046,0.5264407002363832,0.4564119919541929,0.44060708058642367,0.28475064715745807,0.20335779598651374,0.2252200000399917,0.18223328648587972,0.12306569465724965,0.1949819837030738,0.29397951516755644,0.29616275455824026,0.18168909739917144,0.08304606636860674,0.03291610581033201,0.017783143124428625,0.014562934577086706,0.010413656648044228,0.004068953772194955,0.00873163971487398,0.009777243557800666,0.0026768394794661637,0.004715598010691805,0.005134161627945581,0.0027649561256443403,0.006156870414466766,0.0019907676317647495,R
0.012047638164776338,0.01407855425876496,0.008227851156067209,0.031682291801388235,0.052636066956375745,0.05805281614669915,0.08577521549189362,0.07023954254147188,0.059217363567679905,0.06590306731571924,0.11867311978423137,0.11778983170357063,0.1496250572892652,0.2095064358379828,0.30366681990132316,0.33414747398193523,0.3579983783760517,,0.5370843586344116,0.59533202101197,0.7115124369376261,0.8244777688984695,0.8774310412162832,0.9171980089829876,0.8809891295148078,0.7756417649122934,0.6627704511234831,0.5540389668878247,0.523879713562531,0.5197888409242643,0.37718648271653826,0.29329897535271754,0.3298333604389273,0.322308483057787,0.13624343386645166,0.1351493703810465,0.14914824684044353,0.14377948546225075,0.21903414477277786,0.24204306873339246,0.20790545169699925,0.12520764210089877,0.07092830634813417,0.11732114109173368,0.11598099110958328,0.08445905218295187,0.06786384749195776,0.04873006940891501,0.03391380554203965,0.010599354369773908,0.010294224094459422,0.004267501366271208,0.007540828275508185,0.011506233071387144,0.005507425013436737,0.0041906998346114095,0.0014232067806353992,0.003724857265385343,0.003213170030132581,0.003622744337276004,R
0.0664,0.0575,0.0842,0.0372,0.0458,0.0771,0.0771,0.113,0.2353,0.1838,0.2869,0.4129,0.3647,0.1984,0.284,0.4039,0.5837,0.6792,0.6086,0.4858,0.3246,0.2013,0.2082,0.1686,0.2484,0.2736,0.2984,0.4655,0.699,0.7474,0.7956,0.7981,0.6715,0.6942,0.744,0.8169,0.8912,1.0,0.8753,0.7061,0.6803,0.5898,0.4618,0.3639,0.1492,0.1216,0.1306,0.1198,0.0578,0.0235,0.0135,0.0141,0.019,0.0043,0.0036,0.0026,0.0024,0.0162,0.0109,0.0079,R
0.024197683808415412,0.02380971428272951,0.06659504788793023,0.06147420036932008,0.022395874262419135,0.04907993491443491,0.09295343202721976,0.12646918425768364,0.1274255124799083,0.055202841409515806,0.15970387577336445,0.30655122853324485,0.3029708494509073,0.2792378105020652,0.1469129929311994,0.1790128082851383,0.3519841356325394,0.6010927402951014,0.6052138070724266,0.6926328024710338,0.694334176561941,0.5405334134751006,0.6481542677502826,0.7588280820950639,0.708488616263543,0.6423826600318575,0.6412532272363524,0.6372899820865777,0.5439180005818854,0.47111738445293455,0.5050364815854886,0.5424761044105845,0.4845426982684047,0.35443585387251914,0.41306716170082697,0.4978312227156031,0.4680435412838408,0.27692418662107043,0.15898160962282237,0.2964905309967355,0.30379250563035265,0.3904089777628002,0.28714327817644514,0.1715988297381412,0.11669485552722143,0.09912090420674381,0.06797572620818584,0.08271501660808299,0.04504846574075172,0.0064072072215430355,0.005286366901602626,0.008966695106830314,0.00809138497225286,0.011937583615146317,0.013489168116604472,0.012321231074204289,0.013848343102619273,0.00904196591104192,0.005153728109649845,0.008536649275113732,R
0.0258,0.0433,0.0547,0.0681,0.0784,0.125,0.1296,0.1729,0.2794,0.2954,0.2506,0.2601,0.2249,0.2115,0.127,0.1193,0.1794,0.2185,0.1646,0.074,0.0625,0.2381,0.4824,0.6372,0.7531,0.8959,0.9941,0.9957,0.9328,0.9344,0.8854,0.769,0.6865,0.639,0.6378,0.6629,0.5983,0.4565,0.3129,0.4158,0.4325,0.4031,0.4201,0.4557,0.3955,0.2966,0.2095,0.1558,0.0884,0.0265,0.0121,0.0091,0.0062,0.0019,0.0045,0.0079,0.0031,0.0063,0.0048,0.005,M
0.030409334283405847,0.03525907220568788,0.03652517230532389,0.023928012526054088,0.04926229459726853,0.03155424525176025,0.08811371730473491,0.0787233679845079,0.14277606131587164,0.19164184359147052,0.2251837258929988,0.24506583291639333,0.21077936155021296,0.22141187809952176,0.19573839651425762,0.28670298664214083,0.3731864202628201,0.4656741128096639,0.6084269020145436,0.686167175058177,0.7644896064653748,0.79344852838556,0.8053201512452615,0.790349010395799,0.7199465687486116,0.7824748850699528,0.8905921488428304,0.9202088372251063,0.8459298326771357,0.6710104908086614,0.4467992703527331,0.3705699916799497,0.3045892125807968,0.25222604121360753,0.2067728719619091,0.105868744190342,0.14636600048367954,0.24566640121084357,0.21274182679426606,0.18539058230423483,0.061167970607945064,0.14547863656086432,0.27419345486206514,0.2656955573959731,0.16170317647237167,0.18978059467567562,0.15016978985647048,0.08927302934737971,0.05738577581419999,0.020575805969525202,0.014818286789410388,0.01427754608144656,0.004372169954463828,0.0028765257703049925,0.005956405306500669,0.0028385578806361163,0.0027448289282960133,0.0031244418130098564,0.0027084347665622785,0.003410770337627879,M
0.0315,0.0252,0.0167,0.0479,0.0902,0.1057,0.1024,0.1209,0.1241,0.1533,0.2128,0.2536,0.2686,0.2803,0.1886,0.1485,0.216,0.2417,0.2989,0.3341,0.3786,0.3956,0.5232,0.6913,0.7868,0.8337,0.9199,1.0,0.899,0.6456,0.5967,0.4355,0.2997,0.2294,0.1866,0.0922,0.1829,0.1743,0.2452,0.2407,0.2518,0.3184,0.1685,0.0675,0.1186,0.1833,0.1878,0.1114,0.031,0.0143,0.0138,0.0108,0.0062,0.0044,0.0072,0.0007,0.0054,0.0035,0.0001,0.0055,M
0.04283432269022347,0.043739034042242324,0.031739520104487884,0.09380929013068036,0.14486913951846925,0.2005141935787173,0.20276531627134978,0.16164115302244506,0.13676528728422727,0.26132229957337,0.31232087783432416,0.43573902781579216,0.5185329030168355,0.6627343588236934,0.7368615699034089,0.800754793414688,0.8881094604061616,0.8642520516823603,0.8590148326822267,0.7953073760417129,0.7809181931336246,0.7918573195743108,0.6959586411201895,0.5492428616990848,0.4389465542199659,0.4060164287609838,0.43036830688670685,0.31147974501349074,0.2486881478940439,0.24193494189672157,0.14204289483321522,0.11957619368391265,0.26259916663353355,0.24013712108630755,0.28528917482473115,0.254046489886417,0.3043878785465818,0.30793311028266124,0.29365595002012745,0.21710838313599715,0.25098956274682016,0.34472648110652554,0.2598843080524607,0.1344210722510912,0.21315712541053902,0.10121788458030667,0.0551365711998313,0.058384925345662295,0.03617944802819614,0.02995442895122856,0.023589287012123955,0.017430731616368305,0.01751777081382411,0.012816842416479998,0.012754971242735535,0.01025469929703306,0.008604373507948274,0.009812865024106407,0.019150834165302874,0.014125085908344714,M
0.03305320583978581,0.03356168461377614,0.05334629519613323,0.05043966184167732,0.03465755144435557,0.12738107140086294,0.13653005292410697,0.11880823520364009,0.20425850430645306,0.24285023289467908,0.3038402388940551,0.3098082884367448,0.20346244933533694,0.1007219143480578,0.1183202840286989,0.18136667422371885,0.22321337552485787,0.27235746644843656,0.2720242069607845,0.45214882188679445,0.5942432805945662,0.6855398322301676,0.6949377242967294,0.74493072985825,0.8625558400269294,0.9725412831220945,0.9938847200464591,0.8449107875470145,0.7240715131262047,0.7103259236710507,0.6678688448369383,0.539571117002718,0.32677440758766324,0.12618458359941911,0.0680714545120206,0.07107875787023352,0.18172117818909972,0.2361708610059967,0.22085750542225532,0.1537584175010757,0.14190774356689526,0.2541513881505245,0.24996136645305728,0.23337555662431614,0.22367207655804067,0.1500036537357214,0.15221584653124978,0.12099899888379022,0.06455744537961101,0.02645235924774048,0.010939596044893144,0.0101467448895309,0.004383309207037793,0.011802242201259052,0.0053650424379179445,0.00437506687946638,0.00395350109109047,0.006679309483855492,0.0038359041990059504,0.00430048827633293,M
0.04236639626611482,0.04575295421759025,0.05755579274024581,0.07816934836809601,0.13040478247826978,0.2217947569174013,0.21094411880107447,0.1531521377239221,0.2019259562608832,0.2174944297458822,0.1986563129960063,0.27082500161302864,0.18859554948972046,0.13353765596967848,0.13870967972613632,0.20948941629025652,0.29070439387292624,0.3606478645574078,0.43653377764999757,0.46467004092465897,0.5291763698480775,0.4095592988892988,0.5562027070445116,0.502159579411481,0.22159291615887736,0.23236841427172655,0.40438335312398394,0.535129426475216,0.5712174080272858,0.6353072705231992,0.7277844063218523,0.6396947345875598,0.7190798685993903,0.8288760014732333,0.774460897001572,0.7686838105978038,0.7010043272200376,0.7043084840821853,0.6422036047381484,0.6034967704733001,0.503400393908855,0.34496396941604984,0.2667772877659093,0.24016211222877196,0.17310758021424436,0.12539744075227094,0.06935314733603644,0.04698284303371785,0.05091876252021769,0.01751803742234201,0.008549368483469159,0.014357006511669544,0.013867067251510615,0.01104839768523372,0.006170614257504971,0.00627551994762935,0.00899806345062186,0.007444483997606492,0.005303627458845599,0.004688617096152328,R
0.019221730943465166,0.026631196866053083,0.02307133559531319,0.053411787471142766,0.024754781865957344,0.09452122610145587,0.13944411674988264,0.1250880407866947,0.1704310445422182,0.22558857437795837,0.22477350385680378,0.29601154621615994,0.3297965552644469,0.2741837418129159,0.3376452826985057,0.5062147978852162,0.7284466850594238,0.6249285258918621,0.3669862350056618,0.3994931597616821,0.7854461750023723,0.7705133106736731,0.47333796975254766,0.44549153798057295,0.6926195044323356,0.6680126494057843,0.5946961173921448,0.8351439129071082,0.7448303135071203,0.3892704977965632,0.26622766801343883,0.2339749730073971,0.1297947530270471,0.19075454000834186,0.2938186422428162,0.1385727613710591,0.18210096677538928,0.21225371168996357,0.0923894934856107,0.0498157238449158,0.14432439940147257,0.13676720644225884,0.16271515568425027,0.17371240305201996,0.10408399869236128,0.06336792524048128,0.02314540194934479,0.04005503780041817,0.014186508428539217,0.011466784778725345,0.011316498280056991,0.00597949164944491,0.009250494459946102,0.012782638479457457,0.015728274678039004,0.012357827419522965,0.00875925734184004,0.008385566086037325,0.005728668060932604,0.007028865428430539,R
0.022034994063804835,0.027125700874240835,0.01794209334666055,0.019931854175449775,0.03426923750894013,0.08225344553251085,0.12361280214325175,0.10519460044174038,0.11130798905525124,0.07613103580263846,0.09467510181169747,0.12176257794252564,0.161997236575766,0.2611243516257871,0.34626478742657335,0.39581640358064574,0.409508530402029,0.39943046823215794,0.3317261389394436,0.3970087117995867,0.5017619373716676,0.42360128383366874,0.462545980726065,0.6645635683097318,0.8654279561202844,0.9797773560886971,0.8828505384245845,0.664817217918644,0.4566129389279669,0.38487636339898845,0.338651336305479,0.21864115781377091,0.18699209300442343,0.18730916877902654,0.22624542292318928,0.15390226095124848,0.09970224889787835,0.07642230621760382,0.07829842144753556,0.13885584903489245,0.18226159616081536,0.1359847216994949,0.12634634031318204,0.11154043814008302,0.08251650923933164,0.06502451295892973,0.0540938531879021,0.05184598884588887,0.04080515958575532,0.020309493954492535,0.010881542804553024,0.012774888527909381,0.00629780895785589,0.004249105527847825,0.006473784880122959,0.004109438181254906,0.00501897995791867,0.0029793027923981897,0.002221774426418023,0.0022467509912895774,R
0.0207,0.0535,0.0334,0.0818,0.074,0.0324,0.0918,0.107,0.1553,0.1234,0.1796,0.1787,0.1247,0.2577,0.337,0.399,0.1647,0.2266,0.3219,0.5356,0.8159,1.0,0.8701,0.6889,0.6299,0.5738,0.5707,0.5976,0.4301,0.2058,0.1,0.2247,0.2308,0.3977,0.3317,0.1726,0.1429,0.2168,0.1967,0.214,0.3674,0.2023,0.0778,0.0925,0.2388,0.34,0.2594,0.1102,0.0911,0.0462,0.0171,0.0033,0.005,0.019,0.0103,0.0121,0.0042,0.009,0.007,0.0099,M
0.0443,0.0446,0.0235,0.1008,0.2252,0.2611,0.2061,0.1668,0.1801,0.3083,0.3794,0.5364,0.6173,0.7842,0.8392,0.9016,1.0,0.8911,0.8753,0.7886,0.7156,0.7581,0.6372,0.321,0.2076,0.2279,0.3309,0.2847,0.1949,0.1671,0.1025,0.1362,0.2212,0.1124,0.1677,0.1039,0.2562,0.2624,0.2236,0.118,0.1103,0.2831,0.2385,0.0255,0.1967,0.1483,0.0434,0.0627,0.0513,0.0473,0.0248,0.0274,0.0205,0.0141,0.0185,0.0055,0.0045,0.0115,0.0152,0.01,M
0.0231,0.0315,0.017,0.0226,0.041,0.0116,0.0223,0.0805,0.2365,0.2461,0.2245,0.152,0.1732,0.3099,0.438,0.5595,0.682,0.6164,0.6803,0.8435,0.9921,1.0,0.7983,0.5426,0.3952,0.5179,0.565,0.3042,0.1881,0.396,0.2286,0.3544,0.4187,0.2398,0.1847,0.376,0.4331,0.3626,0.2519,0.187,0.1046,0.2339,0.1991,0.11,0.0684,0.0303,0.0674,0.0785,0.0455,0.0246,0.0151,0.0125,0.0036,0.0123,0.0043,0.0114,0.0052,0.0091,0.0008,0.0092,M
0.013468724432428922,0.02452883992702554,0.03971323686489883,0.06307821140553131,0.0750415772914551,0.14292117489111086,0.1408960576290379,0.08196786434528629,0.09005093356082977,0.0952012462912093,0.08102277853152491,0.1129648876925266,0.17624424994145504,0.20815384248190016,0.2651925399524225,0.3666362619293688,0.5350134656612954,0.6658631486402397,0.7005401132489725,0.6130057099728238,0.5736638140056373,0.5788374923916542,0.6151121675804728,0.6046426556560099,0.5900685468157647,0.5910750658884654,0.6100719601064327,0.6858132186010756,0.7167823841760813,0.6361970197846186,0.45257086742835256,0.3547086719494064,0.3599669280050938,0.436701420418326,0.44814888624241583,0.3536717136498482,0.25882644589786163,0.24234957842046456,0.20663226380892044,0.15235755060746783,0.2100267123219042,0.21256168799183245,0.21214066524753827,0.21301625790654188,0.19065713053595565,0.09808804254123912,0.07478425935311975,0.0785910926929673,0.04284227279731468,0.010715772653193114,0.009427222283253257,0.0073921262740950285,0.0015053304512495584,0.008189882061267775,0.010021010595849452,0.004167070593310067,0.001992406441810494,0.0026846430816559468,0.004252001138303174,0.005270913204227226,R
0.0201,0.0423,0.0554,0.0783,0.062,0.0871,0.1201,0.2707,0.1206,0.0279,0.2251,0.2615,0.177,0.3709,0.4533,0.5553,0.4616,0.3797,0.345,0.2665,0.2395,0.1127,0.2556,0.5169,0.3779,0.4082,0.5353,0.5116,0.4544,0.4258,0.3869,0.3939,0.4661,0.3974,0.2194,0.1816,0.1023,0.2108,0.3253,0.3697,0.2912,0.301,0.2563,0.1927,0.2062,0.1751,0.0841,0.1035,0.0641,0.0153,0.0081,0.0191,0.0182,0.016,0.029,0.009,0.0242,0.0224,0.019,0.0096,M
0.015396286456591312,0.023872666702323877,0.03266448376176502,0.03419895302352141,0.0750421076696414,0.09832716915860644,0.1172335678493332,0.12111789082721201,0.18060096551970206,0.223988683216274,0.2642676558102914,0.3094084655665656,0.3824600336851399,0.38508380102812007,0.3724982766957507,0.3257715493066317,0.3615722526728294,0.4305054002592087,0.532930465744256,0.6813279524216306,0.8241493823990964,0.894670945234288,0.8800612432299691,0.9233535132767146,0.9419890478289996,0.9448495142596948,0.8841038433807663,0.7782020484685666,0.6975740746050397,0.5405603377333896,0.415122431350398,0.2841727458026746,0.19807452324000502,0.19532347236544442,0.24752941346994292,0.3301872126736062,0.3698271309039283,0.39870284004860984,0.3902035132440661,0.2977310083061988,0.1958835989086473,0.13896069457944482,0.15968857005938025,0.1581447793534841,0.09624010389120313,0.12252722918841465,0.09348564181788367,0.040148825603770276,0.041524410136015676,0.02075759737062643,0.01622062930190162,0.009352756970762379,0.007759793049228728,0.017921158172392378,0.01290105853893558,0.004139785490729016,0.006419476925453911,0.008743666072033729,0.008751358932105685,0.004783761893047703,M
0.0856,0.0454,0.0382,0.0203,0.0385,0.0534,0.214,0.311,0.2837,0.2751,0.2707,0.0946,0.102,0.4519,0.6737,0.6699,0.7066,0.5632,0.3785,0.2721,0.5297,0.7697,0.8643,0.9304,0.9372,0.6247,0.6024,0.681,0.5047,0.5775,0.4754,0.24,0.2779,0.1997,0.5305,0.7409,0.7775,0.4424,0.1416,0.3508,0.4482,0.4208,0.3054,0.2235,0.2611,0.2798,0.2392,0.2021,0.1326,0.0358,0.0128,0.0172,0.0138,0.0079,0.0037,0.0051,0.0258,0.0102,0.0037,0.0037,R
0.03132260066782267,0.018265814599186938,0.05575474547842499,0.09570224253472583,0.03167769360872277,0.09632658007873421,0.16267639210244958,0.15491084473685138,0.2716853692764659,,0.48448464782732575,0.49560045649025425,0.567033217389255,0.541178728141935,0.5835907802310166,0.5990356523588624,0.6991813521428095,0.7878077457108066,0.7422618607260388,0.7060955587403908,0.5748427173462529,0.4130573973923053,0.250481462842166,0.2347008016115266,0.42538809604261324,0.6115029598898072,0.6092011563071373,0.5242775476963771,0.3970711174134794,0.3415919138508287,0.45518563500844267,0.3746441275520174,0.2957464031282497,0.27556124798784537,0.3134663811130051,0.09810732254283865,0.19948177281182072,0.17984296945594166,0.16159348569655382,0.13367457867480753,0.06357966763859534,0.1275371227547536,0.14363525874602595,0.1106729940331689,0.0964684968867247,0.0708337242529092,0.0572927021722673,0.04484051351736681,0.031080349926413536,0.01656827903828763,0.027478149056744786,0.0217918232955723,0.02074728465217257,0.008094379164635011,0.0128955701007243,0.01605238639636037,0.0033474936438351454,0.029234813542170834,0.010762970050033316,0.014613704554554657,M
0.011366822196779982,0.015094968764816093,0.05118000686685593,0.020957947804225018,0.017700734436650458,0.03770357138046838,0.10531175823969113,0.12044240096395573,0.06497328917186174,0.12747656152850936,0.10954467196407831,0.20080270030665948,0.062170876678342736,0.23431210706766697,0.17277122080887594,0.2137573102128923,0.10855375304125853,0.2537933903143566,0.4025773695470988,0.40863278971268524,0.3325654758324372,0.41990985640531003,0.5603466729595162,0.533447604995757,0.44490292401969517,0.6268005779972238,0.6267052621407306,0.3922451519012006,0.34033983878050594,0.4247530515061021,0.6113680429192859,0.6692752858650949,0.5475886555819173,0.31227762981094753,0.330061516280255,0.29063576555078746,0.4844572970564577,0.7626919840055987,0.8543362003957484,0.7729025780764284,0.5010102766033955,0.4381170354905804,0.28904631108372664,0.28605150524030637,0.3631452602359575,0.3076496361442615,0.23535038346764717,0.14362285023015536,0.06269987862895496,0.02559658295101438,0.020158581185784077,0.010592946663417974,0.0035350032454201296,0.012710249933142645,0.006960473227241782,0.0067020431576333885,0.004639387384508668,0.003668529005654797,0.003908225767659667,0.009947633203308688,R
0.0162,0.0041,0.0239,0.0441,0.063,0.0921,0.1368,0.1078,0.1552,0.1779,0.2164,0.2568,0.3089,0.3829,0.4393,0.5335,0.5996,0.6728,0.7309,0.8092,0.8941,0.9668,1.0,0.9893,0.9376,0.8991,0.9184,0.9128,0.7811,0.6018,0.3765,0.33,0.228,0.0212,0.1117,0.1788,0.2373,0.2843,0.2241,0.2715,0.3363,0.2546,0.1867,0.216,0.1278,0.0768,0.107,0.0946,0.0636,0.0227,0.0128,0.0173,0.0135,0.0114,0.0062,0.0157,0.0088,0.0036,0.0053,0.003,M
0.03507586567194806,0.030274927880089245,0.05945450739589925,0.017487722491671107,0.09389040094296039,0.08250707325177127,0.10083153227557848,0.1365342146112403,0.19425793543200418,0.22828421698319132,0.3270224988800545,0.4411210555951661,0.4247805620275204,0.44854513255718675,0.3964630409623152,0.44253376471699307,0.46510676514439014,0.5010973468079376,0.45310865790507804,0.6430480991549608,0.7048102115606479,0.6496229348909537,0.603876048157749,0.6568255156178845,0.5329897759969624,0.6222262655949108,0.7178991338773427,0.6732328985597498,0.6001276810708456,0.5250428165529368,0.4926161689382331,0.6514368774903297,0.5419561118390313,0.3353518660778983,0.165277155950707,0.2255215985240302,0.286058179062569,0.45327195825806055,0.5157900247730978,0.34400986099685876,0.38250236581307534,0.5479367307789648,0.48490974059838676,0.4100675433578308,0.4252081092242801,0.27071225620889944,0.18695008099020102,0.1717071416037726,0.09537921120654443,0.027527936154760957,0.03038544318687549,0.01429809636860965,0.0046817224940238775,0.01324824511568616,0.014444920228064201,0.007316948908996875,0.005040769995342357,0.004459768276392635,0.004653703196272469,0.0018512676116107958,M
0.0473,0.0509,0.0819,0.1252,0.1783,0.307,0.3008,0.2362,0.383,0.3759,0.3021,0.2909,0.2301,0.1411,0.1582,0.243,0.4474,0.5964,0.6744,0.7969,0.8319,0.7813,0.8626,0.7369,0.4122,0.2596,0.3392,0.3788,0.4488,0.6281,0.7449,0.7328,0.7704,0.787,0.6048,0.586,0.6385,0.7279,0.6286,0.5316,0.4069,0.1791,0.1625,0.2527,0.1903,0.1643,0.0604,0.0209,0.0436,0.0175,0.0107,0.0193,0.0118,0.0064,0.0042,0.0054,0.0049,0.0082,0.0028,0.0027,R
0.0089,,0.0248,0.0237,0.0224,0.0845,0.1488,0.1224,0.1569,0.2119,0.3003,0.3094,0.2743,0.2547,0.187,0.1452,0.1457,0.2429,0.3259,0.3679,0.3355,0.31,0.3914,0.528,0.6409,0.7707,0.8754,1.0,0.9806,0.6969,0.4973,0.502,0.5359,0.3842,0.1848,0.1149,0.157,0.1311,0.1583,0.2631,0.3103,0.4512,0.3785,0.1269,0.1459,0.1092,0.1485,0.1385,0.0716,0.0176,0.0199,0.0096,0.0103,0.0093,0.0025,0.0044,0.0021,0.0069,0.006,0.0018,M
0.0036,0.0078,0.0092,0.0387,0.053,0.1197,0.1243,0.1026,0.1239,0.0888,0.0937,0.1245,0.1599,0.1542,0.1846,0.1732,0.1477,0.1748,0.1455,0.1579,0.2257,0.1975,0.3368,0.5828,0.8505,1.0,0.8457,0.6624,0.5564,0.3925,0.3233,0.2054,0.192,0.2227,0.3147,0.2268,0.0795,0.0748,0.1166,0.1969,0.2619,0.2507,0.1983,0.0948,0.0931,0.0965,0.0381,0.0435,0.0336,0.0055,0.0079,0.0119,0.0055,0.0035,0.0036,0.0004,0.0018,0.0049,0.0024,0.0016,R
0.0331,0.0423,0.0474,0.0818,0.0835,0.0756,0.0374,0.0961,0.0548,0.0193,0.0897,0.1734,0.1936,0.2803,0.3313,0.502,0.636,0.7096,0.8333,0.873,0.8073,0.7507,0.7526,0.7298,0.6177,0.4946,0.4531,0.4099,0.454,0.4124,0.3139,0.3194,0.3692,0.3776,0.4469,0.4777,0.4716,0.4664,0.3893,0.4255,0.4064,0.3712,0.3863,0.2802,0.1283,0.1117,0.1303,0.0787,0.0436,0.0224,0.0133,0.0078,0.0174,0.0176,0.0038,0.0129,0.0066,0.0044,0.0134,0.0092,M
0.03139308763332933,0.04097896681963592,0.05261458498010103,0.06201726464029301,0.09325682069262808,0.12194555714618051,0.14596529113113788,0.05189536174282998,0.07783696547628048,0.0693573428389453,0.1735790985991315,0.26022811256469364,0.2972278181912123,0.3435326231483765,0.3973431963359587,0.39438470673049786,0.4650181832468859,0.5140118728674016,0.5546055984963463,0.6471802795411901,0.662043062894602,0.6239790066268713,0.6947624203489754,0.8057022075113117,0.8163888260263096,0.6910542446663518,0.6076940702375749,0.5968092189448496,0.5584884024802047,0.4379263687731784,0.45132604565624285,0.47110662084724453,0.4607512178799992,0.4473720298531854,0.39670110650737445,0.3225507588901211,0.31911176405018493,0.3300802879660649,0.34999217609799815,0.3677195941122912,0.31410725287203783,0.3076690704643084,0.20059224523554328,0.19581199056344273,0.1921144227425256,0.18254605614664293,0.13854329254855452,0.09175209687842835,0.04655396276419552,0.013132635938657503,0.008366971764656998,0.014421886099490818,0.01300002354945128,0.008186616835477424,0.007419971840917611,0.009394114640003042,0.00752748338171779,0.007242692645237672,0.008592256679102144,0.003802005957675518,M
0.021043001026865675,0.02722336026352382,0.04893053602622723,0.048065467605810305,0.0438902465250866,0.08559642595693576,0.05226041280569243,0.0649495096867441,0.1268504765610808,0.12236614163132803,0.09263494959348641,0.06216171974337701,0.04474777962517431,0.12505793961435718,0.08626176973358615,0.14107259994101384,0.17338397791815646,0.281752564938879,0.3438493284362511,0.43556326023220343,0.4693199679576748,0.42334551021644373,0.47823961288210176,0.5660302538066301,0.5292175741836532,0.6295162492289855,0.7216739953344389,0.8114873052304815,0.8276732219461334,0.7231531794121957,0.5323849326339508,0.3863590713260994,0.5063850096807276,0.5534292572179842,0.44507210377848483,0.4883403897496179,0.5497234863355616,0.49791334652993546,0.36121503123440984,0.2544214377139357,0.21778096792478185,0.08153075495059088,0.02574656534270793,0.026538905380673026,0.031025595248499693,0.024034471783436165,0.014114954859878666,0.011472434750969892,0.0050152959634369235,0.0021761907761239556,0.0012298258893275065,0.0048343574358784905,0.0155369446577694,0.011620257167319598,0.0049600678455016195,0.009136043992048369,0.009045177859546063,0.006170512037359487,0.011060656528678901,0.008433995433482581,R
0.0587,0.121,0.1268,0.1498,0.1436,0.0561,0.0832,0.0672,0.1372,0.2352,0.3208,0.4257,0.5201,0.4914,0.595,0.7221,0.9039,0.9111,0.8723,0.7686,0.7326,0.5222,0.3097,0.3172,0.227,0.164,0.1746,0.1835,0.2048,0.1674,0.2767,0.3104,0.3399,0.4441,0.5046,0.2814,0.1681,0.2633,0.3198,0.1933,0.0934,0.0443,0.078,0.0722,0.0405,0.0553,0.1081,0.1139,0.0767,0.0265,0.0215,0.0331,0.0111,0.0088,0.0158,0.0122,0.0038,0.0101,0.0228,0.0124,M
